Rk,Player,Age,Team,Pos,G,GS,MP,PER,TS%,3PAr,FTr,ORB%,DRB%,TRB%,AST%,STL%,BLK%,TOV%,USG%,OWS,DWS,WS,WS/48,OBPM,DBPM,BPM,VORP,Awards,Player▲-additional
1,Precious Achiuwa,25,NYK,PF,11,1,214,13.7,.495,.204,.306,14.6,26.5,20.8,8.8,1.9,4.0,17.8,13.9,0.1,0.3,0.5,.101,-1.6,0.1,-1.5,0.0,,achiupr01
2,Steven Adams,31,HOU,C,19,0,198,12.7,.560,.000,.871,17.0,22.3,19.6,14.6,1.2,1.8,32.9,13.3,0.0,0.4,0.4,.089,-2.1,1.3,-0.8,0.1,,adamsst01
3,Bam Adebayo,27,MIA,C,30,30,1047,17.1,.518,.195,.309,7.7,23.2,15.5,21.1,2.0,2.4,12.1,22.3,0.8,1.7,2.5,.116,-0.2,1.2,1.0,0.8,,adebaba01
4,Ochai Agbaji,24,TOR,SG,32,30,962,11.9,.609,.460,.091,3.3,11.2,7.2,8.7,1.4,1.5,8.1,13.8,1.2,0.3,1.5,.076,-0.6,-0.3,-0.9,0.3,,agbajoc01
5,Santi Aldama,24,MEM,PF,31,11,797,18.2,.611,.447,.138,6.4,22.5,14.7,15.5,1.6,1.9,10.3,18.3,1.6,1.4,3.0,.182,2.8,1.3,4.1,1.2,,aldamsa01
6,Trey Alexander,21,DEN,SG,10,0,48,0.9,.349,.500,.167,0.0,2.2,1.1,7.3,0.0,1.9,7.2,12.2,-0.1,0.0,-0.1,-0.071,-6.9,-2.5,-9.4,-0.1,,alexatr01
7,Nickeil Alexander-Walker,26,MIN,SG,31,2,725,13.4,.635,.570,.159,2.7,10.3,6.5,16.1,1.8,1.2,15.5,16.3,0.9,0.9,1.8,.121,-0.3,1.1,0.8,0.5,,alexani01
8,Grayson Allen,29,PHO,SG,23,1,550,13.2,.585,.727,.273,3.3,11.6,7.5,11.0,1.8,1.2,10.5,18.4,0.6,0.3,0.9,.076,0.0,-1.2,-1.2,0.1,,allengr01
9,Jarrett Allen,26,CLE,C,31,31,909,21.1,.711,.004,.436,8.8,28.4,18.9,8.6,1.7,2.4,10.5,15.3,2.9,1.6,4.4,.234,2.4,0.8,3.1,1.2,,allenja01
10,Jose Alvarado,26,NOP,PG,11,7,282,14.2,.544,.594,.168,2.2,7.3,4.6,25.6,2.9,1.0,11.4,18.2,0.4,0.1,0.4,.075,-0.3,-0.4,-0.7,0.1,,alvarjo01
11,Kyle Anderson,31,GSW,PF,26,2,378,14.3,.493,.341,.163,4.3,17.6,10.7,21.3,2.6,3.0,9.0,16.0,0.3,0.6,1.0,.123,-0.5,2.4,2.0,0.4,,anderky01
12,Giannis Antetokounmpo,30,MIL,PF,24,24,840,31.7,.632,.036,.543,6.5,29.0,18.1,35.3,1.0,4.0,11.7,36.8,2.9,1.3,4.2,.243,6.8,2.5,9.3,2.4,,antetgi01
13,Cole Anthony,24,ORL,PG,31,0,366,11.6,.495,.417,.246,3.7,19.0,11.0,31.4,1.5,1.3,18.8,28.3,-0.5,0.6,0.1,.018,-2.9,0.2,-2.8,-0.1,,anthoco01
14,OG Anunoby,27,NYK,PF,32,32,1164,14.2,.579,.449,.174,3.9,11.6,7.9,7.4,2.0,2.5,8.7,18.6,1.2,1.3,2.5,.104,-0.3,-0.2,-0.5,0.4,,anunoog01
15,Deni Avdija,24,POR,SF,31,13,825,16.2,.578,.410,.427,5.2,18.9,11.8,18.1,1.6,2.5,15.2,21.2,1.0,0.5,1.5,.087,0.7,-0.2,0.5,0.5,,avdijde01
16,Deandre Ayton,26,POR,C,22,22,672,17.9,.579,.089,.104,10.3,27.2,18.4,7.4,1.5,3.1,11.9,19.7,0.6,0.6,1.3,.091,-0.5,-1.3,-1.8,0.0,,aytonde01
17,Marvin Bagley III,25,WAS,C,19,1,166,20.2,.573,.141,.324,16.9,18.2,17.5,7.0,2.0,2.7,11.9,23.1,0.2,0.1,0.3,.090,1.2,-2.0,-0.8,0.1,,baglema01
18,Patrick Baldwin Jr.,22,WAS,SF,13,0,59,14.6,.620,.550,.200,5.3,15.9,10.6,2.6,1.6,3.1,8.4,16.7,0.1,0.0,0.1,.069,0.5,-1.4,-0.8,0.0,,baldwpa01
19,LaMelo Ball,23,CHO,PG,22,22,742,22.1,.557,.529,.226,2.7,14.9,8.5,45.6,1.9,0.7,13.1,39.0,1.1,0.6,1.7,.110,6.0,-0.4,5.6,1.4,,ballla01
20,Lonzo Ball,27,CHI,PG,13,0,229,12.4,.493,.826,.101,1.9,16.4,9.2,25.2,2.8,2.7,16.3,15.7,0.1,0.2,0.3,.065,-1.3,2.4,1.1,0.2,,balllo01
21,Mo Bamba,26,LAC,C,16,0,205,11.8,.479,.466,.224,6.0,26.6,16.3,7.5,1.9,9.3,13.6,15.5,-0.1,0.5,0.4,.090,-5.0,3.0,-2.0,0.0,,bambamo01
22,Paolo Banchero,22,ORL,PF,5,5,182,25.4,.590,.330,.608,7.4,21.5,14.1,29.0,0.8,2.1,8.2,31.9,0.6,0.3,0.8,.224,5.9,0.8,6.7,0.4,,banchpa01
23,Desmond Bane,26,MEM,SG,25,24,705,16.4,.579,.463,.199,3.2,18.3,11.0,23.1,1.9,1.4,14.0,22.1,1.0,1.2,2.2,.148,1.0,1.3,2.4,0.8,,banede01
24,Dalano Banton,25,POR,PG,25,0,413,15.4,.525,.431,.277,2.3,12.8,7.4,25.6,2.6,3.0,15.9,27.1,-0.1,0.3,0.2,.019,1.1,-0.2,0.9,0.3,,bantoda01
25,Dominick Barlow,21,ATL,SF,4,0,19,4.7,.515,.333,.667,0.0,5.7,2.8,0.0,2.4,0.0,0.0,8.3,0.0,0.0,0.0,.039,-5.3,-0.5,-5.8,0.0,,barlodo01
26,Harrison Barnes,32,SAS,PF,32,32,887,12.7,.626,.466,.380,6.0,8.8,7.4,7.6,0.5,0.6,7.5,14.3,1.7,0.3,2.0,.110,0.2,-1.8,-1.6,0.1,,barneha02
27,Scottie Barnes,23,TOR,PF,19,19,647,17.6,.543,.347,.302,5.7,19.3,12.5,32.0,1.9,1.8,16.9,26.8,0.4,0.5,0.9,.063,2.2,0.0,2.2,0.7,,barnesc01
28,RJ Barrett,24,TOR,SG,27,27,922,17.3,.552,.303,.337,2.9,18.8,10.8,29.2,0.9,1.1,13.7,29.7,0.7,0.4,1.1,.060,1.9,-1.2,0.6,0.6,,barrerj01
29,Charles Bassey,24,SAS,C,21,0,224,20.1,.592,.000,.329,16.1,26.9,21.6,6.4,1.5,8.8,14.7,19.6,0.3,0.4,0.7,.146,-1.9,0.5,-1.4,0.0,,bassech01
30,Jamison Battle,23,TOR,SF,29,0,400,13.2,.650,.738,.108,4.3,11.0,7.6,9.8,0.5,0.9,7.5,15.2,0.8,0.0,0.8,.101,1.7,-1.7,0.1,0.2,,battlja01
31,Nicolas Batum,36,LAC,PF,31,1,573,8.9,.560,.813,.135,4.1,12.6,8.4,11.4,1.3,2.5,14.3,8.9,0.5,0.7,1.2,.101,-1.7,1.3,-0.3,0.2,,batumni01
32,Bradley Beal,31,PHO,SG,21,21,722,15.0,.590,.399,.152,2.5,9.9,6.3,15.0,1.7,2.1,12.5,23.6,0.4,0.4,0.8,.053,-0.3,-1.1,-1.4,0.1,,bealbr01
33,Malik Beasley,28,DET,SG,32,8,901,15.3,.589,.694,.111,2.2,9.8,6.0,10.3,1.3,0.2,6.6,23.0,1.3,0.4,1.7,.093,2.4,-1.6,0.8,0.6,,beaslma01
34,MarJon Beauchamp,24,MIL,SF,14,0,53,4.0,.528,.500,.273,4.3,22.0,13.4,5.5,0.9,0.0,30.9,29.6,-0.3,0.1,-0.2,-0.181,-8.3,-3.1,-11.4,-0.1,,beaucma01
35,Reece Beekman,23,2TM,PG,6,0,23,-2.0,.250,.500,.000,4.4,0.0,2.3,12.7,2.1,0.0,33.3,11.4,-0.1,0.0,-0.1,-0.150,-10.9,-0.2,-11.1,-0.1,,beekmre01
36,Goga Bitadze,25,ORL,C,29,26,718,21.0,.681,.075,.312,13.8,26.9,20.0,13.6,1.8,6.5,17.2,15.4,1.7,1.6,3.3,.222,0.8,2.9,3.7,1.0,,bitadgo01
37,Anthony Black,21,ORL,PG,33,3,791,9.9,.510,.332,.357,2.7,10.8,6.6,22.1,1.9,2.7,21.0,19.1,-0.6,1.3,0.7,.043,-3.7,1.1,-2.6,-0.1,,blackan01
38,Bogdan Bogdanović,32,ATL,SG,14,0,356,9.8,.555,.669,.158,2.7,10.7,6.6,11.9,1.6,1.1,14.9,19.1,0.0,0.2,0.2,.030,-2.6,-0.4,-2.9,-0.1,,bogdabo01
39,Bol Bol,25,PHO,PF,7,0,37,19.0,.652,.333,.400,12.3,20.8,16.6,4.6,0.0,0.0,14.5,24.7,0.1,0.0,0.1,.083,2.1,-3.7,-1.6,0.0,,bolbo01
40,Adem Bona,21,PHI,C,15,0,102,9.8,.703,.000,.500,9.6,21.5,15.2,1.4,0.0,6.1,26.0,9.9,0.1,0.1,0.2,.084,-5.3,-0.5,-5.8,-0.1,,bonaad01
41,Devin Booker,28,PHO,SG,26,26,951,20.7,.588,.424,.398,3.6,7.5,5.6,28.7,1.5,0.9,9.6,28.5,2.7,0.3,2.9,.148,3.5,-1.9,1.7,0.9,,bookede01
42,Brandon Boston Jr.,23,NOP,SG,29,10,748,13.9,.541,.367,.211,2.5,12.3,7.2,16.9,2.8,0.9,11.7,20.0,0.4,0.3,0.7,.045,-1.5,0.0,-1.5,0.1,,bostobr01
43,Chris Boucher,32,TOR,PF,29,0,524,17.6,.580,.487,.289,8.3,18.2,13.2,5.7,1.6,3.6,7.9,22.0,0.8,0.4,1.2,.110,1.9,-0.9,1.0,0.4,,bouchch01
44,Malaki Branham,21,SAS,SG,21,0,254,9.8,.556,.436,.198,1.3,11.2,6.3,15.7,1.3,0.7,19.1,23.0,-0.3,0.2,-0.1,-0.013,-2.8,-1.7,-4.5,-0.2,,branhma01
45,Christian Braun,23,DEN,SG,29,29,976,14.1,.638,.270,.317,4.3,11.4,8.0,7.9,1.8,1.6,10.2,15.2,1.6,0.7,2.3,.113,-0.4,-0.4,-0.8,0.3,,braunch01
46,Jalen Bridges,23,PHO,SF,4,0,17,-9.2,.129,1.000,.667,0.0,19.4,9.8,0.0,0.0,0.0,34.0,15.3,-0.1,0.0,-0.1,-0.336,-14.9,-5.5,-20.3,-0.1,,bridgja01
47,Mikal Bridges,28,NYK,SF,32,32,1254,14.1,.595,.454,.074,2.7,6.7,4.8,11.9,1.5,1.2,9.6,19.0,1.6,0.9,2.4,.094,0.6,-1.0,-0.4,0.5,,bridgmi01
48,Miles Bridges,26,CHO,PF,18,18,546,16.7,.539,.450,.242,3.1,24.4,13.3,18.6,1.0,2.2,10.0,24.8,0.5,0.5,1.0,.090,1.4,-0.6,0.8,0.4,,bridgmi02
49,Malcolm Brogdon,32,WAS,PG,14,11,351,15.6,.561,.260,.344,3.8,13.1,8.4,22.6,1.1,1.0,12.8,24.1,0.3,0.0,0.4,.050,0.1,-1.4,-1.3,0.1,,brogdma01
50,Dillon Brooks,29,HOU,SF,29,29,925,11.1,.556,.516,.150,4.1,8.9,6.4,7.0,1.0,0.9,8.3,17.6,1.0,1.2,2.3,.117,-1.2,0.0,-1.3,0.2,,brookdi01
51,Bruce Brown,28,TOR,PG,1,0,19,14.5,.500,.167,.000,5.7,11.5,8.6,9.5,2.5,0.0,7.7,28.3,0.0,0.0,0.0,-0.024,-1.9,-1.7,-3.7,0.0,,brownbr01
52,Jaylen Brown,28,BOS,SF,27,27,965,19.0,.559,.365,.298,4.2,13.6,8.9,21.4,1.9,0.7,11.0,30.0,1.3,1.2,2.5,.122,1.3,-0.8,0.5,0.6,,brownja02
53,Kobe Brown,25,LAC,PF,7,0,47,15.7,.479,.300,.100,11.9,26.1,19.0,13.3,1.0,0.0,0.0,19.2,0.1,0.1,0.1,.141,0.4,-0.5,0.0,0.0,,brownko01
54,Moses Brown,25,IND,C,9,0,46,16.6,.653,.000,.250,10.1,21.7,16.0,0.0,2.1,2.0,21.3,26.7,0.0,0.0,0.0,.011,-3.8,-2.0,-5.8,0.0,,brownmo01
55,Jalen Brunson,28,NYK,PG,32,32,1116,22.5,.613,.351,.383,1.5,8.1,4.9,33.8,1.1,0.2,10.4,29.2,4.1,0.6,4.8,.205,5.2,-1.9,3.3,1.5,,brunsja01
56,Thomas Bryant,27,2TM,C,17,0,199,17.4,.642,.545,.236,8.0,23.1,15.6,5.0,1.2,5.8,6.2,14.2,0.4,0.3,0.7,.174,0.6,0.6,1.2,0.2,,bryanth01
57,Kobe Bufkin,21,ATL,SG,10,0,124,10.6,.483,.404,.383,4.3,14.0,9.1,18.5,1.1,1.5,12.7,20.6,0.0,0.1,0.1,.024,-3.3,-0.6,-4.0,-0.1,,bufkiko01
58,Alec Burks,33,MIA,SG,16,0,274,14.5,.648,.712,.274,2.4,10.7,6.6,9.5,2.0,1.4,5.8,13.9,0.6,0.3,0.9,.153,0.9,1.4,2.3,0.3,,burksal01
59,Jared Butler,24,WAS,SG,20,0,220,14.3,.522,.248,.228,2.8,6.6,4.7,36.6,1.5,0.8,13.9,24.4,0.1,0.0,0.1,.023,-0.2,-1.7,-1.8,0.0,,butleja02
60,Jimmy Butler,35,MIA,PF,20,20,627,24.6,.646,.127,.665,8.9,11.0,10.0,25.2,2.0,1.2,8.3,21.8,2.7,0.7,3.4,.262,5.1,0.9,6.0,1.2,,butleji01
61,Matas Buzelis,20,CHI,SF,30,0,394,9.7,.493,.510,.193,4.6,16.4,10.5,5.7,0.9,5.3,10.3,18.6,-0.3,0.3,0.0,.005,-4.1,-1.0,-5.1,-0.3,,buzelma01
62,Jamal Cain,25,NOP,SF,16,0,225,11.7,.556,.509,.291,6.9,15.2,10.8,6.3,1.7,2.9,10.1,12.8,0.2,0.1,0.3,.057,-2.2,-0.2,-2.5,0.0,,cainja01
63,Kentavious Caldwell-Pope,31,ORL,SG,33,33,1020,9.6,.533,.644,.206,1.2,6.7,3.8,9.3,2.6,2.0,8.8,12.6,0.5,1.7,2.1,.100,-3.4,2.4,-0.9,0.3,,caldwke01
64,Toumani Camara,24,POR,PF,30,30,916,10.0,.530,.543,.128,7.4,12.7,10.0,8.7,2.1,1.4,15.7,13.3,0.2,0.4,0.7,.036,-2.3,-0.4,-2.7,-0.2,,camarto01
65,Vlatko Čančar,27,DEN,PF,4,0,34,7.7,.643,.286,.000,10.1,15.6,13.0,0.0,0.0,2.6,22.2,11.2,0.0,0.0,0.0,.031,-5.2,-2.0,-7.2,0.0,,cancavl01
66,Clint Capela,30,ATL,C,33,33,760,18.4,.583,.000,.257,15.8,27.0,21.3,8.1,1.3,4.0,9.6,16.1,1.4,0.9,2.3,.148,0.0,-0.6,-0.5,0.3,,capelca01
67,Branden Carlson,25,OKC,C,6,0,22,7.2,.225,.750,.250,14.4,28.3,21.4,10.7,2.2,4.6,10.1,19.1,-0.1,0.1,0.0,-0.031,-8.0,-2.0,-10.0,0.0,,carlsbr01
68,Carlton Carrington,19,WAS,PG,29,20,865,7.6,.508,.518,.109,1.2,13.7,7.5,17.9,1.2,0.7,17.8,15.1,-0.5,0.1,-0.3,-0.018,-4.5,-1.0,-5.4,-0.8,,carrica01
69,Jevon Carter,29,CHI,PG,15,0,103,14.5,.579,.682,.091,2.1,12.1,7.1,17.7,2.2,0.0,11.6,21.0,0.1,0.1,0.1,.063,0.4,-1.2,-0.8,0.0,,carteje01
70,Wendell Carter Jr.,25,ORL,C,21,18,518,13.5,.549,.345,.474,7.4,27.4,16.9,12.9,1.3,2.4,10.2,13.1,0.7,1.0,1.6,.152,-1.8,1.9,0.0,0.3,,cartewe01
71,D.J. Carton,24,TOR,SG,4,0,33,-2.6,.202,.429,.143,0.0,13.3,6.6,10.9,2.9,0.0,35.0,14.3,-0.2,0.0,-0.1,-0.214,-9.9,-1.4,-11.3,-0.1,,cartodj01
72,Alex Caruso,30,OKC,SG,20,0,398,12.4,.466,.570,.079,3.2,12.0,7.6,15.6,4.6,3.1,11.3,14.2,0.0,1.1,1.0,.126,-2.8,4.6,1.7,0.4,,carusal01
73,Stephon Castle,20,SAS,PG,31,17,779,9.6,.477,.373,.309,2.8,7.7,5.3,21.1,1.6,1.1,14.3,22.7,-0.7,0.5,-0.1,-0.007,-4.0,-1.5,-5.5,-0.7,,castlst01
74,Colin Castleton,24,MEM,C,9,0,33,11.4,.543,.500,1.125,6.5,18.3,12.6,0.0,0.0,2.8,0.0,14.3,0.1,0.0,0.1,.171,-3.8,-1.5,-5.3,0.0,,castlco01
75,Julian Champagnie,23,SAS,SF,32,26,907,12.5,.591,.730,.132,2.8,15.3,9.1,7.1,1.5,1.8,9.6,17.2,0.6,0.9,1.5,.080,-0.4,-0.6,-0.9,0.2,,champju02
76,Justin Champagnie,23,WAS,SF,12,9,311,17.7,.669,.447,.149,10.4,17.4,13.9,6.9,2.3,2.9,12.3,15.3,0.6,0.2,0.8,.122,1.0,0.4,1.4,0.3,,champju01
77,Ulrich Chomche,19,TOR,PF,3,0,14,2.4,.500,.000,.000,15.5,15.7,15.6,9.0,0.0,0.0,50.0,11.8,0.0,0.0,0.0,-0.099,-7.4,-4.1,-11.5,0.0,,chomcul01
78,Cam Christie,19,LAC,SG,1,0,18,6.5,.357,.571,.000,6.2,12.4,9.3,0.0,5.4,0.0,12.5,19.2,-0.1,0.0,0.0,-0.053,-4.0,3.7,-0.3,0.0,,chrisca02
79,Max Christie,21,LAL,SG,30,9,653,11.3,.598,.490,.412,3.7,8.4,6.0,7.5,2.0,1.5,10.9,13.6,0.7,0.4,1.1,.082,-2.1,0.0,-2.1,0.0,,chrisma02
80,Josh Christopher,23,MIA,SG,1,0,2,-44.3,.000,1.000,.000,0.0,0.0,0.0,0.0,0.0,0.0,50.0,43.9,-0.1,0.0,-0.1,-1.240,-46.0,-22.5,-68.5,0.0,,chrisjo01
81,Sidy Cissoko,20,SAS,SF,12,0,36,10.0,.509,.455,.364,6.1,17.6,11.9,20.2,0.0,0.0,7.3,16.4,0.0,0.0,0.0,.060,-1.2,-1.0,-2.3,0.0,,cissosi01
82,Brandon Clarke,28,MEM,PF,31,17,569,15.7,.615,.094,.182,9.8,18.8,14.4,7.2,1.9,2.4,8.0,13.9,1.1,1.0,2.1,.175,-1.1,1.3,0.2,0.3,,clarkbr01
83,Jordan Clarkson,32,UTA,SG,19,3,500,14.7,.531,.430,.295,2.5,11.8,7.2,25.6,1.6,0.9,14.0,27.7,0.2,0.0,0.3,.025,0.1,-2.1,-2.0,0.0,,clarkjo01
84,Nic Claxton,25,BRK,C,26,18,665,15.6,.567,.042,.311,9.0,25.8,17.2,12.2,1.7,4.8,13.9,16.7,0.5,0.8,1.4,.098,-1.2,1.4,0.2,0.4,,claxtni01
85,Donovan Clingan,20,POR,C,24,7,389,17.4,.578,.148,.222,18.6,24.1,21.2,4.5,1.5,9.9,19.1,15.7,0.4,0.5,0.9,.105,-2.5,0.7,-1.8,0.0,,clingdo01
86,Noah Clowney,20,BRK,PF,23,5,461,11.2,.577,.701,.177,5.3,16.6,10.8,5.8,0.8,2.7,10.2,18.9,0.2,0.3,0.5,.056,-1.5,-0.9,-2.4,0.0,,clownno01
87,Amir Coffey,27,LAC,SG,30,8,736,12.3,.635,.528,.222,2.4,9.4,5.9,7.1,1.1,0.4,7.8,15.1,1.2,0.7,1.9,.127,-0.4,-0.1,-0.6,0.3,,coffeam01
88,Isaiah Collier,20,UTA,PG,22,2,386,1.3,.344,.382,.213,1.2,11.9,6.6,25.7,2.0,1.0,36.1,16.6,-1.4,0.1,-1.3,-0.162,-9.0,-2.0,-11.0,-0.9,,colliis01
89,John Collins,27,UTA,PF,26,17,780,19.4,.629,.265,.315,8.4,21.8,15.3,13.9,1.8,2.7,15.5,23.3,1.4,0.4,1.8,.114,1.5,-0.5,1.1,0.6,,collijo01
90,Zach Collins,27,SAS,C,25,4,348,14.4,.583,.349,.302,8.8,15.8,12.3,17.7,1.5,3.1,15.5,17.5,0.5,0.4,0.9,.121,-1.7,1.1,-0.5,0.1,,colliza01
91,Mike Conley,37,MIN,PG,27,27,684,12.3,.512,.701,.183,2.2,10.0,6.1,24.5,2.8,0.8,13.4,15.7,0.6,1.0,1.6,.113,-1.7,1.7,0.0,0.3,,conlemi01
92,Pat Connaughton,32,MIL,SG,16,0,269,8.6,.505,.634,.169,3.4,15.0,9.4,12.9,0.5,1.8,12.6,14.3,0.0,0.2,0.2,.044,-2.8,-0.8,-3.6,-0.1,,connapa01
93,Bilal Coulibaly,20,WAS,SF,27,27,940,12.2,.538,.355,.296,4.2,13.0,8.6,15.0,2.0,1.9,14.1,17.5,0.2,0.4,0.6,.031,-2.0,-0.3,-2.3,-0.1,,coulibi01
94,Ricky Council IV,23,PHI,SF,22,0,275,13.7,.539,.380,.478,5.1,14.2,9.4,9.0,1.3,1.9,6.7,19.1,0.3,0.2,0.5,.096,-0.8,-1.2,-2.0,0.0,,councri01
95,Torrey Craig,34,CHI,SF,8,1,91,13.9,.613,.800,.057,7.0,16.0,11.5,4.6,0.5,1.0,0.0,16.5,0.2,0.0,0.2,.118,0.8,-2.3,-1.5,0.0,,craigto01
96,Isaiah Crawford,23,SAC,SF,1,0,5,-0.6,,,,0.0,22.5,11.2,0.0,0.0,0.0,,0.0,0.0,0.0,0.0,.027,-10.3,-0.8,-11.1,0.0,,crawfis01
97,Jae Crowder,34,SAC,SF,6,2,89,7.0,.509,.706,.353,7.6,13.9,10.7,5.5,1.6,0.0,16.9,11.4,0.0,0.1,0.1,.040,-3.9,-0.7,-4.6,-0.1,,crowdja01
98,Cui Yongxi,21,BRK,SG,5,0,10,-10.9,.190,.429,.286,0.0,24.3,11.8,0.0,0.0,0.0,0.0,34.9,-0.1,0.0,-0.1,-0.498,-16.7,-8.5,-25.1,-0.1,,cuiyo01
99,Cade Cunningham,23,DET,PG,28,28,1006,19.2,.544,.330,.226,3.2,17.7,10.4,44.6,1.1,2.3,16.7,31.5,1.0,0.8,1.8,.086,3.1,-0.6,2.5,1.1,,cunnica01
100,Seth Curry,34,CHO,SG,28,6,358,11.2,.579,.514,.131,3.2,8.5,5.7,5.1,1.8,1.4,5.8,14.2,0.4,0.2,0.6,.085,-1.7,-0.1,-1.9,0.0,,curryse01
101,Stephen Curry,36,GSW,PG,25,25,783,21.1,.609,.620,.216,1.5,15.0,8.0,33.8,1.8,1.6,14.6,28.8,1.6,1.0,2.6,.158,5.9,0.2,6.1,1.6,,curryst01
102,Tristan Da Silva,23,ORL,SF,30,23,758,9.7,.536,.496,.138,4.6,12.4,8.3,10.0,0.7,0.9,10.9,15.8,0.3,0.9,1.2,.075,-1.9,-0.3,-2.2,0.0,,dasiltr01
103,Pacome Dadiet,19,NYK,SG,12,0,82,6.5,.455,.700,.100,0.0,17.6,9.1,7.3,0.6,2.3,4.6,11.7,0.0,0.1,0.1,.037,-3.8,-1.1,-5.0,-0.1,,dadiepa01
104,Dyson Daniels,21,ATL,SG,29,29,974,13.8,.518,.318,.124,5.0,11.3,8.1,14.3,4.3,2.5,13.3,17.5,0.0,1.4,1.4,.071,-2.2,2.6,0.4,0.6,,daniedy01
105,Anthony Davis,31,LAL,C,30,30,1040,27.0,.604,.120,.475,8.5,28.8,18.8,17.8,1.7,5.4,9.4,30.1,2.8,1.5,4.4,.201,4.5,0.9,5.4,2.0,,davisan02
106,Johnny Davis,22,WAS,SG,20,0,186,13.0,.533,.328,.190,3.9,14.0,8.9,7.1,3.0,2.9,6.0,14.9,0.1,0.1,0.2,.061,-1.8,1.4,-0.4,0.1,,davisjo06
107,JD Davison,22,BOS,PG,5,0,24,-4.5,.510,.600,.400,0.0,9.1,4.5,5.3,2.0,0.0,50.5,21.2,-0.2,0.0,-0.1,-0.273,-12.2,-2.4,-14.6,-0.1,,davisjd01
108,DeMar DeRozan,35,SAC,SF,27,27,959,17.9,.571,.133,.354,1.9,10.4,6.2,17.0,2.0,1.1,7.8,24.1,1.7,0.7,2.4,.122,0.3,-0.5,-0.1,0.4,,derozde01
109,Moussa Diabaté,23,CHO,C,29,4,529,14.2,.592,.000,.329,18.1,23.4,20.7,5.1,1.8,4.2,23.7,9.1,0.5,0.7,1.2,.110,-2.5,-0.1,-2.6,-0.1,,diabamo01
110,Gradey Dick,21,TOR,SG,27,27,857,12.4,.552,.483,.256,2.9,9.2,6.0,10.0,1.4,0.7,10.0,23.1,0.5,0.2,0.7,.042,-0.6,-1.8,-2.4,-0.1,,dickgr01
111,Ousmane Dieng,21,OKC,PF,19,0,201,9.2,.407,.594,.172,4.7,19.6,12.2,8.7,2.9,2.0,6.8,15.6,-0.2,0.5,0.3,.077,-4.4,1.7,-2.7,0.0,,diengou01
112,Rob Dillingham,20,MIN,PG,15,0,127,9.3,.539,.412,.000,0.9,8.7,4.8,31.0,0.8,0.0,23.9,23.1,-0.1,0.1,0.0,-0.009,-2.0,-1.9,-3.9,-0.1,,dilliro01
113,Spencer Dinwiddie,31,DAL,PG,30,3,666,13.1,.547,.559,.391,1.0,9.0,5.1,18.9,1.9,1.1,9.6,16.7,1.0,0.6,1.7,.120,-0.5,0.3,-0.2,0.3,,dinwisp01
114,Donte DiVincenzo,28,MIN,SG,31,2,784,12.0,.543,.759,.115,1.7,12.9,7.4,19.6,2.3,0.8,15.0,18.6,0.2,1.2,1.3,.082,-1.0,1.2,0.2,0.4,,divindo01
115,Luka Dončić,25,DAL,PG,22,22,785,24.9,.584,.455,.313,2.3,22.3,12.6,35.6,2.7,1.0,12.4,32.8,1.9,1.3,3.2,.195,5.7,1.2,6.9,1.8,,doncilu01
116,Luguentz Dort,25,OKC,SF,30,30,880,11.5,.551,.675,.142,5.5,10.8,8.2,7.1,1.9,2.7,5.8,13.4,1.0,1.7,2.7,.145,-1.1,1.0,-0.1,0.4,,dortlu01
117,Ayo Dosunmu,25,CHI,SG,30,17,924,13.4,.582,.417,.180,2.1,11.3,6.7,21.2,1.2,1.3,11.0,16.4,1.4,0.4,1.7,.090,-0.8,-0.5,-1.3,0.2,,dosunay01
118,Jeff Dowtin,27,PHI,PG,9,0,92,10.2,.477,.333,.208,2.4,7.9,5.0,16.1,1.6,1.1,3.7,13.0,0.1,0.1,0.1,.067,-3.3,1.1,-2.2,0.0,,dowtije01
119,PJ Dozier,28,MIN,SG,9,0,35,9.7,.621,1.000,2.000,3.2,12.6,8.0,18.8,1.4,0.0,15.1,8.3,0.0,0.0,0.1,.114,-2.4,2.5,0.1,0.0,,doziepj01
120,Andre Drummond,31,PHI,C,24,14,463,14.8,.526,.067,.403,15.7,33.2,23.9,4.1,3.2,2.2,20.2,18.8,-0.2,0.9,0.7,.071,-3.5,-0.2,-3.6,-0.2,,drumman01
121,Chris Duarte,27,CHI,SG,13,0,54,19.2,.659,.600,.400,7.9,23.1,15.6,13.0,0.0,0.0,4.1,19.0,0.2,0.0,0.2,.188,3.7,-1.3,2.3,0.1,,duartch01
122,Alex Ducas,24,OKC,SG,4,0,7,-15.8,.000,.667,.000,0.0,0.0,0.0,0.0,0.0,0.0,0.0,18.2,-0.1,0.0,-0.1,-0.409,-17.5,-6.4,-23.8,0.0,,ducasal01
123,David Duke Jr.,25,SAS,SG,1,0,8,3.0,.307,.250,.500,0.0,0.0,0.0,35.6,0.0,0.0,0.0,26.2,0.0,0.0,0.0,-0.117,-6.9,-5.0,-11.9,0.0,,dukeda01
124,Kris Dunn,30,LAC,PG,31,20,730,11.7,.531,.505,.061,3.4,13.7,8.6,16.4,3.6,1.1,15.0,14.1,0.2,1.4,1.6,.104,-2.7,3.3,0.6,0.5,,dunnkr01
125,Ryan Dunn,22,PHO,SF,27,12,491,9.7,.521,.626,.090,4.4,11.9,8.2,6.5,1.5,3.4,8.0,15.8,0.0,0.3,0.3,.033,-3.2,-0.4,-3.6,-0.2,,dunnry01
126,Kevin Durant,36,PHO,PF,21,21,754,21.6,.625,.309,.362,1.5,18.1,9.9,18.6,1.0,3.4,13.1,31.4,1.1,0.5,1.7,.105,3.3,-0.7,2.6,0.9,,duranke01
127,Jalen Duren,21,DET,C,29,29,720,17.8,.690,.000,.532,13.6,27.5,20.5,13.3,1.0,4.4,22.6,15.0,1.4,0.9,2.2,.149,-0.9,0.9,0.0,0.4,,durenja01
128,Tari Eason,23,HOU,PF,24,0,546,20.1,.557,.330,.222,9.5,19.3,14.3,6.9,4.1,4.0,7.6,19.8,0.9,1.5,2.4,.208,1.5,3.8,5.3,1.0,,easonta01
129,Zach Edey,22,MEM,C,20,14,438,19.8,.644,.136,.305,18.1,19.8,19.0,6.6,1.7,4.8,15.5,18.7,0.9,0.8,1.7,.190,0.6,0.5,1.0,0.3,,edeyza01
130,Anthony Edwards,23,MIN,SG,31,31,1115,17.7,.571,.487,.189,2.1,15.1,8.7,19.6,1.8,1.6,12.3,30.2,0.6,1.6,2.3,.097,2.5,-0.1,2.5,1.3,,edwaran01
131,Justin Edwards,21,PHI,SF,2,0,9,16.7,.581,.333,.333,0.0,27.1,12.8,19.8,0.0,0.0,0.0,16.8,0.0,0.0,0.0,.114,2.0,-0.4,1.6,0.0,,edwarju01
132,Kessler Edwards,24,DAL,SF,11,0,24,-10.0,.000,.667,.000,0.0,8.7,4.5,4.7,0.0,3.7,14.3,12.4,-0.1,0.0,-0.1,-0.259,-14.6,-3.4,-18.0,-0.1,,edwarke02
133,Keon Ellis,25,SAC,SG,30,4,591,13.1,.661,.712,.242,4.2,8.2,6.2,7.0,2.8,4.0,13.6,12.3,0.8,0.7,1.5,.120,-0.1,1.4,1.4,0.5,,elliske01
134,Joel Embiid,30,PHI,C,10,10,287,23.1,.571,.258,.460,5.7,22.5,13.6,25.4,1.7,4.0,14.0,34.9,0.4,0.4,0.7,.123,3.2,0.7,3.9,0.4,,embiijo01
135,Drew Eubanks,27,UTA,C,24,0,320,15.5,.641,.053,.408,9.2,22.5,16.0,12.2,0.8,4.4,16.7,14.1,0.5,0.1,0.6,.096,-1.0,0.0,-0.9,0.1,,eubandr01
136,Bruno Fernando,26,TOR,C,16,2,143,16.2,.563,.000,.167,15.9,22.2,19.1,18.3,1.3,6.0,21.4,18.9,0.1,0.1,0.2,.079,-2.2,1.9,-0.3,0.1,,fernabr01
137,Kyle Filipowski,21,UTA,C,20,8,342,12.5,.582,.393,.404,6.0,22.0,14.1,15.4,1.4,0.6,16.0,15.3,0.3,0.1,0.4,.063,-1.7,-0.7,-2.4,0.0,,filipky01
138,Dorian Finney-Smith,31,BRK,PF,20,20,579,12.4,.613,.679,.151,6.2,12.6,9.3,8.1,1.5,2.1,9.6,14.4,0.7,0.4,1.1,.094,0.2,-0.1,0.1,0.3,,finnedo01
139,Adam Flagler,25,OKC,SG,11,0,40,4.8,.375,.950,.000,5.3,10.4,7.8,0.0,2.4,0.0,0.0,21.3,-0.1,0.1,0.0,-0.012,-6.5,-2.1,-8.5,-0.1,,flaglad01
140,Trentyn Flowers,19,LAC,SF,1,0,14,9.1,.477,.222,.111,8.0,23.9,16.0,0.0,0.0,0.0,9.6,32.2,0.0,0.0,0.0,-0.049,-4.9,-0.7,-5.6,0.0,,flowetr01
141,Simone Fontecchio,29,DET,SF,30,0,536,9.5,.564,.660,.268,3.7,14.0,8.9,6.8,0.9,0.9,12.8,15.6,0.2,0.3,0.5,.048,-2.0,-1.2,-3.2,-0.2,,fontesi01
142,De'Aaron Fox,27,SAC,PG,32,32,1192,20.0,.575,.312,.295,3.3,11.9,7.6,27.3,2.2,0.9,13.1,30.4,1.7,1.0,2.7,.110,2.4,-1.1,1.3,1.0,,foxde01
143,Enrique Freeman,24,IND,PF,17,1,119,5.4,.501,.273,.409,3.9,9.3,6.7,6.3,0.8,1.6,13.4,11.0,0.0,0.0,0.0,.004,-5.3,-1.9,-7.2,-0.2,,freemen01
144,Johnny Furphy,20,IND,SG,20,0,206,8.6,.508,.593,.130,7.3,8.6,8.0,5.6,1.9,2.7,13.6,14.0,0.0,0.1,0.1,.022,-2.4,-1.0,-3.4,-0.1,,furphjo01
145,Daniel Gafford,26,DAL,C,31,14,641,25.3,.730,.000,.458,13.8,18.5,16.2,9.2,1.1,5.7,11.0,19.3,2.6,0.9,3.5,.262,3.2,0.7,3.8,0.9,,gaffoda01
146,Darius Garland,25,CLE,PG,30,30,900,21.2,.634,.457,.209,2.0,7.3,4.7,31.0,1.8,0.7,13.0,26.8,2.8,0.9,3.7,.195,4.4,-0.9,3.5,1.3,,garlada01
147,Luka Garza,26,MIN,C,9,0,46,20.8,.614,.320,.320,9.9,16.7,13.3,4.3,1.1,0.0,9.5,30.0,0.1,0.1,0.1,.116,-0.3,-1.9,-2.2,0.0,,garzalu01
148,Keyonte George,21,UTA,PG,25,25,791,11.8,.534,.569,.242,1.7,9.9,5.9,28.1,1.1,0.6,17.9,24.6,0.1,-0.1,0.0,-0.002,-0.7,-3.3,-4.0,-0.4,,georgke01
149,Kyshawn George,21,WAS,SG,24,6,622,7.3,.453,.659,.165,3.0,12.9,7.9,12.8,1.3,2.5,11.4,14.7,-0.4,0.2,-0.2,-0.017,-4.3,-0.9,-5.2,-0.5,,georgky01
150,Paul George,34,PHI,PF,19,19,610,15.1,.514,.457,.230,2.3,18.4,9.9,24.5,3.1,1.5,14.1,24.5,-0.1,0.8,0.7,.055,-0.5,1.0,0.5,0.4,,georgpa01
151,Taj Gibson,39,CHO,C,14,8,151,11.0,.505,.059,.176,14.5,17.9,16.1,6.8,2.0,2.0,19.7,12.8,0.0,0.2,0.2,.055,-4.1,-0.1,-4.1,-0.1,,gibsota01
152,Josh Giddey,22,CHI,PG,28,28,762,16.6,.548,.375,.232,4.9,20.9,13.0,35.6,1.6,1.5,19.3,21.3,0.8,0.6,1.4,.086,1.1,0.4,1.5,0.7,,giddejo01
153,Shai Gilgeous-Alexander,26,OKC,PG,31,31,1069,29.9,.635,.296,.378,2.6,14.3,8.5,30.7,2.7,3.5,9.9,33.4,4.3,2.4,6.7,.301,8.1,3.3,11.5,3.7,,gilgesh01
154,Anthony Gill,32,WAS,PF,20,0,149,9.8,.573,.353,.529,3.5,14.0,8.7,5.6,1.6,0.6,10.7,13.1,0.1,0.0,0.1,.035,-2.8,-0.8,-3.6,-0.1,,gillan01
155,Collin Gillespie,25,PHO,PG,1,0,3,26.9,.750,.500,.000,0.0,0.0,0.0,0.0,0.0,0.0,0.0,29.5,0.0,0.0,0.0,.139,11.4,0.0,11.4,0.0,,gilleco01
156,Rudy Gobert,32,MIN,C,31,31,1047,15.9,.670,.000,.564,11.6,23.5,17.6,7.4,1.0,4.0,16.2,12.1,2.1,1.8,3.9,.177,-1.0,1.2,0.2,0.6,,goberru01
157,Aaron Gordon,29,DEN,PF,17,16,489,16.2,.635,.323,.419,7.5,14.3,11.0,14.1,0.8,0.5,11.1,17.8,1.2,0.2,1.4,.137,1.9,-1.2,0.7,0.3,,gordoaa01
158,Eric Gordon,36,PHI,SG,19,1,316,7.9,.481,.573,.247,1.0,5.8,3.3,11.1,2.0,1.6,12.4,15.7,-0.2,0.2,0.0,.006,-3.4,-0.2,-3.7,-0.1,,gordoer01
159,Jazian Gortman,21,DAL,PG,12,0,41,7.8,.474,.438,.125,2.7,5.1,4.0,13.1,1.2,2.2,10.6,19.6,0.0,0.0,0.0,.010,-3.5,-1.1,-4.6,0.0,,gortmja01
160,Jerami Grant,30,POR,PF,29,29,948,11.6,.527,.504,.271,1.7,10.6,6.0,10.5,1.3,2.9,9.0,19.9,0.5,0.3,0.7,.038,-0.8,-1.3,-2.1,0.0,,grantje01
161,A.J. Green,25,MIL,SG,29,4,633,10.3,.652,.886,.054,0.9,10.2,5.7,8.4,1.1,0.6,10.0,13.2,0.7,0.5,1.2,.091,-1.2,-0.5,-1.7,0.1,,greenaj01
162,Draymond Green,34,GSW,PF,27,25,772,12.5,.555,.556,.310,3.5,19.6,11.3,26.4,1.8,3.5,23.7,15.0,0.3,1.2,1.6,.097,-1.7,2.4,0.8,0.5,,greendr01
163,Jalen Green,22,HOU,SG,32,32,1040,13.4,.530,.470,.245,1.7,12.6,7.1,12.4,1.5,0.7,11.9,26.2,0.2,1.6,1.8,.084,-0.4,-0.3,-0.7,0.3,,greenja05
164,Javonte Green,31,NOP,SG,30,12,645,10.7,.559,.415,.303,4.8,11.8,8.1,4.5,2.3,2.8,10.6,11.7,0.4,0.3,0.6,.048,-2.8,-0.1,-2.8,-0.1,,greenja02
165,Jeff Green,38,HOU,PF,9,0,55,11.2,.609,.611,.111,1.9,11.5,6.6,2.6,1.8,0.0,9.6,15.6,0.0,0.1,0.1,.115,-2.1,0.2,-1.9,0.0,,greenje02
166,Josh Green,24,CHO,SG,29,28,825,7.2,.539,.555,.159,3.7,6.1,4.9,7.8,1.7,1.3,13.0,11.5,0.2,0.4,0.7,.038,-4.4,-0.2,-4.6,-0.5,,greenjo02
167,Quentin Grimes,24,DAL,SG,30,9,638,13.9,.618,.564,.257,4.0,15.4,9.9,10.2,1.5,1.0,12.8,17.2,0.9,0.7,1.6,.117,0.5,-0.3,0.2,0.4,,grimequ01
168,Mouhamed Gueye,22,ATL,PF,2,0,11,-5.7,.250,.500,.000,0.0,19.7,9.8,0.0,0.0,0.0,20.0,18.5,-0.1,0.0,-0.1,-0.267,-10.9,-4.6,-15.5,0.0,,gueyemo02
169,Rui Hachimura,26,LAL,PF,26,26,870,13.0,.602,.378,.220,5.6,12.5,9.1,6.7,1.4,1.9,8.5,14.8,1.1,0.5,1.7,.093,-0.6,-0.7,-1.3,0.1,,hachiru01
170,Tyrese Haliburton,24,IND,PG,33,33,1161,18.7,.579,.595,.221,2.2,9.2,5.8,34.8,1.6,1.5,10.9,21.3,2.9,0.5,3.4,.139,3.9,-1.3,2.7,1.4,,halibty01
171,PJ Hall,22,DEN,C,6,0,14,6.2,.400,.400,.000,0.0,22.7,11.8,0.0,0.0,6.4,0.0,15.0,0.0,0.0,0.0,-0.026,-8.5,-2.5,-11.0,0.0,,hallpj01
172,Tim Hardaway Jr.,32,DET,SG,29,29,788,9.3,.580,.677,.210,0.8,7.4,4.1,7.8,0.6,0.0,7.1,14.6,0.8,0.2,1.0,.060,-1.6,-1.6,-3.3,-0.3,,hardati02
173,James Harden,35,LAC,PG,30,30,1023,18.9,.566,.508,.450,2.0,18.8,10.4,36.7,2.2,1.9,19.6,30.4,0.9,1.7,2.6,.120,2.6,0.9,3.5,1.4,,hardeja01
174,Jaden Hardy,22,DAL,SG,24,2,338,8.1,.510,.468,.177,1.3,9.3,5.4,11.4,2.0,0.3,17.4,23.2,-0.5,0.3,-0.1,-0.021,-5.1,-1.5,-6.6,-0.4,,hardyja02
175,Gary Harris,30,ORL,SG,19,2,311,7.5,.546,.776,.119,3.2,5.5,4.3,4.5,1.6,1.6,10.2,11.0,0.1,0.4,0.5,.073,-2.8,0.7,-2.1,0.0,,harriga01
176,Tobias Harris,32,DET,PF,30,30,946,12.7,.528,.375,.198,3.4,18.9,11.2,10.7,1.2,2.6,8.4,17.8,0.6,0.8,1.4,.072,-1.4,-0.1,-1.5,0.1,,harrito02
177,Josh Hart,29,NYK,SG,31,31,1145,17.8,.682,.362,.275,5.5,20.2,13.1,19.1,1.9,1.0,15.0,14.5,3.1,1.4,4.5,.188,2.3,1.4,3.7,1.7,,hartjo01
178,Isaiah Hartenstein,26,OKC,C,16,15,480,19.4,.599,.041,.304,10.1,33.5,21.9,17.7,1.3,4.0,15.2,17.5,0.9,1.3,2.2,.218,0.3,2.8,3.1,0.6,,harteis01
179,Sam Hauser,27,BOS,PF,25,4,540,12.5,.581,.831,.012,4.0,12.1,8.0,7.3,1.9,0.8,4.6,13.9,0.8,0.6,1.4,.124,0.2,0.2,0.4,0.3,,hausesa01
180,Jordan Hawkins,22,NOP,SG,16,3,406,10.5,.506,.557,.239,1.5,11.8,6.4,6.3,0.8,2.1,7.6,21.7,0.0,0.0,-0.1,-0.006,-2.0,-3.3,-5.3,-0.3,,hawkijo01
181,Jaxson Hayes,24,LAL,C,11,1,192,17.0,.759,.000,.639,12.4,16.9,14.7,6.6,1.0,4.3,14.8,12.3,0.6,0.2,0.7,.184,-1.2,-0.2,-1.4,0.0,,hayesja02
182,Scoot Henderson,20,POR,PG,24,3,621,11.4,.502,.348,.287,2.7,9.6,6.0,29.0,2.0,0.9,18.7,22.6,-0.2,0.2,0.0,-0.002,-2.6,-1.6,-4.2,-0.4,,hendesc01
183,Taylor Hendricks,21,UTA,PF,3,3,75,7.3,.354,.667,.222,7.6,14.5,11.1,3.5,3.2,5.0,9.2,12.2,-0.1,0.1,0.0,-0.008,-4.5,1.2,-3.3,0.0,,hendrita0
184,Tyler Herro,25,MIA,SG,30,30,1055,20.0,.623,.549,.232,1.0,16.6,8.9,25.9,1.0,0.3,11.6,27.2,2.2,1.1,3.3,.151,4.6,-0.7,3.9,1.6,,herroty01
185,Buddy Hield,32,GSW,SG,31,6,711,13.8,.589,.689,.079,2.7,13.0,7.7,8.4,1.8,1.2,10.3,22.2,0.5,0.8,1.3,.087,0.6,-0.5,0.1,0.4,,hieldbu01
186,Haywood Highsmith,28,MIA,SF,28,21,698,10.6,.631,.587,.127,3.8,10.4,7.1,5.9,2.1,2.5,13.6,11.5,0.5,0.9,1.4,.095,-2.2,0.9,-1.3,0.1,,highsha01
187,Aaron Holiday,28,HOU,PG,21,0,195,14.1,.633,.678,.220,0.0,9.7,4.8,17.8,1.2,0.9,8.5,14.9,0.5,0.3,0.8,.186,0.5,1.0,1.5,0.2,,holidaa01
188,Jrue Holiday,34,BOS,PG,26,26,796,13.6,.570,.544,.174,3.9,11.3,7.6,16.8,1.4,1.2,12.3,17.1,1.1,0.8,1.9,.116,0.0,0.2,0.2,0.4,,holidjr01
189,Ron Holland,19,DET,SF,32,1,506,10.2,.546,.353,.212,3.7,17.5,10.6,6.0,1.4,0.9,13.1,18.1,-0.1,0.4,0.3,.032,-3.9,-0.7,-4.6,-0.3,,hollaro01
190,Richaun Holmes,31,WAS,PF,4,0,24,13.8,.505,.091,.182,13.0,17.4,15.2,0.0,0.0,7.5,14.4,24.0,0.0,0.0,0.0,-0.034,-2.2,-1.8,-4.0,0.0,,holmeri01
191,Chet Holmgren,22,OKC,C,10,10,265,22.6,.619,.333,.441,6.4,27.8,17.2,11.0,1.4,10.0,14.8,25.0,0.4,0.8,1.1,.202,2.1,3.5,5.5,0.5,,holmgch01
192,Jalen Hood-Schifino,21,LAL,SG,2,0,14,11.6,1.064,.000,2.000,8.1,0.0,4.0,9.3,0.0,6.5,34.7,9.0,0.0,0.0,0.0,.146,-4.0,1.1,-2.9,0.0,,hoodsja01
193,Al Horford,38,BOS,C,25,22,698,12.1,.581,.717,.063,3.4,17.3,10.3,10.6,1.1,2.8,10.5,13.5,0.8,0.9,1.6,.113,0.0,0.9,0.9,0.5,,horfoal01
194,Talen Horton-Tucker,24,CHI,SG,26,0,317,15.5,.583,.449,.291,3.7,12.8,8.3,17.8,1.3,1.4,8.9,20.7,0.5,0.2,0.6,.097,0.3,-1.3,-0.9,0.1,,hortota01
195,Caleb Houstan,22,ORL,SF,21,0,130,6.0,.497,.824,.147,1.7,6.6,4.0,4.3,0.4,1.5,2.7,12.4,0.0,0.1,0.2,.066,-3.5,-0.8,-4.2,-0.1,,houstca01
196,Jett Howard,21,ORL,SF,31,0,318,7.3,.487,.744,.060,3.9,9.2,6.4,6.6,0.8,1.8,9.1,18.0,-0.2,0.4,0.2,.033,-3.1,-0.9,-4.0,-0.2,,howarje01
197,Kevin Huerter,26,SAC,SG,28,15,707,11.4,.549,.672,.098,2.1,13.3,7.7,11.0,2.0,1.8,10.3,16.6,0.3,0.7,0.9,.063,-1.9,-0.2,-2.1,0.0,,huertke01
198,Jay Huff,26,MEM,C,29,1,440,18.7,.674,.637,.236,4.4,13.8,9.2,7.5,0.8,6.6,9.1,19.9,1.1,0.7,1.7,.190,2.9,1.1,4.0,0.7,,huffja01
199,Ariel Hukporti,22,NYK,C,12,0,99,7.1,.628,.000,.571,4.8,20.2,12.8,7.5,0.0,7.7,36.3,12.2,-0.1,0.1,0.0,.011,-6.6,1.2,-5.4,-0.1,,hukpoar01
200,De'Andre Hunter,27,ATL,SF,22,2,615,19.3,.660,.459,.384,2.2,13.6,7.8,7.3,1.4,0.5,7.8,24.6,1.7,0.4,2.0,.158,2.9,-1.2,1.7,0.6,,huntede01
201,Bones Hyland,24,LAC,PG,12,0,137,18.8,.606,.712,.247,2.5,8.1,5.3,16.7,3.9,2.9,15.6,30.2,0.1,0.3,0.4,.123,3.5,1.6,5.0,0.2,,hylanbo01
202,Oso Ighodaro,22,PHO,PF,25,2,396,11.5,.619,.000,.271,7.2,19.2,13.2,7.7,1.5,1.7,13.3,10.1,0.5,0.3,0.8,.093,-2.5,0.2,-2.3,0.0,,ighodos01
203,Joe Ingles,37,MIN,SF,7,0,26,5.6,.000,1.000,.000,8.7,0.0,4.3,42.4,0.0,0.0,33.3,5.0,0.0,0.0,0.0,.085,-3.2,1.1,-2.1,0.0,,inglejo01
204,Brandon Ingram,27,NOP,SF,18,18,595,16.6,.560,.345,.165,2.9,15.9,9.1,27.9,1.3,1.7,16.2,30.0,0.0,0.1,0.1,.009,1.6,-2.0,-0.4,0.2,,ingrabr01
205,Harrison Ingram,22,SAS,SF,1,0,7,-5.7,.000,.000,.000,0.0,15.1,7.7,0.0,0.0,0.0,0.0,6.1,0.0,0.0,0.0,-0.125,-11.7,-4.1,-15.8,0.0,,ingraha01
206,Kyrie Irving,32,DAL,SG,29,29,1031,20.8,.612,.390,.198,3.4,10.1,6.8,22.1,1.5,0.8,9.9,26.7,2.8,0.9,3.7,.172,4.8,-0.5,4.3,1.7,,irvinky01
207,Jonathan Isaac,27,ORL,PF,28,0,467,15.2,.497,.500,.247,11.5,21.7,16.4,3.2,2.5,7.3,8.0,16.3,0.2,1.1,1.3,.135,-1.6,1.8,0.1,0.3,,isaacjo01
208,Jaden Ivey,22,DET,SG,29,29,871,15.0,.560,.368,.284,5.1,10.7,7.9,20.5,1.5,1.2,15.7,26.3,0.4,0.5,0.9,.051,0.3,-1.3,-1.0,0.2,,iveyja01
209,Andre Jackson Jr.,23,MIL,SG,29,21,535,5.9,.483,.495,.126,5.7,12.9,9.4,10.6,1.7,1.2,24.4,11.8,-0.4,0.6,0.2,.014,-5.7,0.2,-5.5,-0.5,,jacksan01
210,Isaiah Jackson,23,IND,C,5,1,84,18.7,.600,.000,.609,15.2,22.4,18.9,8.3,1.7,8.9,14.6,17.7,0.1,0.1,0.2,.143,-1.0,1.4,0.4,0.0,,jacksis01
211,Jaren Jackson Jr.,25,MEM,C,31,31,874,21.0,.598,.324,.338,5.3,16.3,10.9,9.4,2.3,5.5,10.4,28.3,1.5,1.7,3.2,.175,1.6,1.5,3.1,1.1,,jacksja02
212,Quenton Jackson,26,IND,PG,17,7,252,13.6,.598,.316,.276,4.6,7.5,6.1,16.9,1.7,1.9,11.4,16.6,0.4,0.1,0.5,.098,-1.6,-0.8,-2.4,0.0,,jacksqu01
213,Reggie Jackson,34,PHI,PG,14,0,161,12.8,.538,.635,.000,2.0,10.6,6.1,23.8,2.2,1.9,11.9,16.1,0.1,0.1,0.3,.087,-0.5,0.2,-0.3,0.1,,jacksre01
214,Trayce Jackson-Davis,24,GSW,C,30,23,551,20.5,.629,.006,.279,11.0,20.7,15.7,17.5,1.0,4.5,10.7,17.0,1.4,0.8,2.2,.194,1.8,1.4,3.3,0.7,,jackstr02
215,Bronny James,20,LAL,SG,7,0,18,2.5,.225,.500,.250,6.3,0.0,3.1,14.1,2.7,5.1,0.0,21.6,-0.1,0.0,-0.1,-0.153,-8.6,-1.6,-10.2,0.0,,jamesbr02
216,LeBron James,40,LAL,SF,28,28,981,21.8,.584,.310,.255,3.1,22.0,12.6,43.8,1.1,1.6,16.1,29.9,1.6,0.8,2.4,.117,4.5,-0.1,4.4,1.6,,jamesle01
217,Jaime Jaquez Jr.,23,MIA,SF,26,4,561,12.3,.500,.279,.310,6.5,17.0,11.7,14.8,2.6,0.5,14.8,20.6,-0.2,0.8,0.6,.053,-2.9,0.5,-2.4,-0.1,,jaqueja01
218,DaQuan Jeffries,27,CHO,SG,7,0,130,13.2,.631,.488,.098,4.8,12.1,8.3,6.1,1.5,3.1,12.3,15.9,0.1,0.1,0.2,.089,-0.5,-0.2,-0.6,0.0,,jeffrda01
219,Trey Jemison,25,NOP,C,16,0,166,9.6,.461,.000,.656,13.6,15.1,14.3,8.2,2.0,3.4,19.5,12.9,-0.1,0.1,0.0,.005,-5.7,-0.6,-6.3,-0.2,,jemistr01
220,Daniss Jenkins,23,DET,PG,2,0,5,-18.0,.000,1.000,.000,0.0,0.0,0.0,0.0,0.0,0.0,0.0,17.1,0.0,0.0,0.0,-0.411,-21.1,-7.6,-28.7,0.0,,jenkida01
221,Ty Jerome,27,CLE,SG,30,2,528,21.0,.636,.441,.207,3.9,8.8,6.4,27.3,3.3,0.2,12.6,22.6,1.6,0.7,2.3,.213,2.8,1.1,3.8,0.8,,jeromty01
222,Isaiah Joe,25,OKC,SG,29,10,599,11.1,.535,.788,.078,2.6,10.9,6.8,9.0,1.7,1.0,5.9,16.9,0.4,1.0,1.4,.112,-1.0,0.1,-0.9,0.2,,joeis01
223,AJ Johnson,20,MIL,SG,5,0,11,10.0,.583,.167,.000,0.0,19.3,10.0,15.7,0.0,0.0,25.0,32.0,0.0,0.0,0.0,-0.130,-5.4,-4.9,-10.3,0.0,,johnsaj01
224,Cameron Johnson,28,BRK,PF,30,30,978,18.9,.661,.585,.305,2.6,13.4,7.9,16.0,1.4,1.5,9.4,21.7,2.6,0.6,3.2,.156,4.5,-0.2,4.3,1.6,,johnsca02
225,Jalen Johnson,23,ATL,SF,31,31,1130,18.2,.581,.270,.231,5.3,25.0,15.0,22.2,2.0,2.8,15.1,22.4,1.2,1.4,2.6,.111,1.0,1.2,2.2,1.2,,johnsja05
226,James Johnson,37,IND,PF,5,0,22,5.8,.538,.143,.143,0.0,20.2,10.3,19.4,0.0,8.5,35.0,22.6,-0.1,0.0,-0.1,-0.143,-7.5,1.7,-5.8,0.0,,johnsja01
227,Keldon Johnson,25,SAS,SF,29,0,717,13.8,.536,.372,.266,4.9,16.8,10.9,9.9,1.5,0.7,6.6,20.8,0.5,0.7,1.2,.081,-1.4,-1.0,-2.4,-0.1,,johnske04
228,Keon Johnson,22,BRK,SG,30,11,585,7.0,.462,.594,.098,3.7,15.6,9.5,9.5,1.8,1.8,12.7,20.3,-0.9,0.5,-0.4,-0.036,-4.9,-0.6,-5.5,-0.5,,johnske07
229,Keshad Johnson,23,MIA,SF,3,0,14,4.1,.500,.500,.000,0.0,23.2,11.7,0.0,0.0,0.0,0.0,6.3,0.0,0.0,0.0,.041,-6.7,-0.4,-7.1,0.0,,johnske10
230,Nikola Jokić,29,DEN,C,27,27,1002,31.8,.660,.221,.315,10.3,26.2,18.6,42.2,2.1,1.4,12.9,30.4,4.9,1.3,6.1,.294,10.1,2.4,12.5,3.6,,jokicni01
231,Colby Jones,22,SAC,SG,21,0,118,7.0,.500,.375,.000,5.7,13.3,9.5,5.3,2.1,4.2,22.6,11.3,-0.1,0.1,0.0,.014,-5.0,0.4,-4.7,-0.1,,jonesco02
232,Derrick Jones Jr.,27,LAC,SF,29,29,714,13.4,.599,.361,.150,5.3,9.8,7.6,5.6,2.6,1.4,10.7,16.4,0.7,1.1,1.8,.119,-1.1,1.2,0.2,0.4,,jonesde02
233,Dillon Jones,23,OKC,SF,25,0,204,6.9,.405,.590,.164,8.3,14.7,11.5,10.4,0.9,1.0,10.9,15.3,-0.1,0.3,0.2,.048,-4.8,-1.1,-5.9,-0.2,,jonesdi01
234,Herbert Jones,26,NOP,SF,14,14,455,10.5,.513,.420,.229,4.5,9.8,7.0,13.5,3.0,1.4,15.8,15.8,-0.1,0.2,0.1,.016,-3.8,-0.2,-3.9,-0.2,,joneshe01
235,Isaac Jones,24,SAC,PF,20,0,172,13.6,.669,.083,.417,6.5,13.7,10.1,3.4,0.6,4.6,16.2,17.0,0.2,0.1,0.3,.083,-2.8,-0.9,-3.7,-0.1,,jonesis01
236,Kai Jones,24,LAC,C,20,0,154,13.9,.771,.000,.600,8.7,15.9,12.3,7.1,1.9,5.9,24.0,9.3,0.2,0.3,0.5,.164,-2.3,2.6,0.3,0.1,,joneska01
237,Mason Jones,26,SAC,SG,3,0,13,14.9,.000,1.000,.000,8.7,25.9,17.3,61.2,0.0,0.0,0.0,6.6,0.0,0.0,0.0,.137,2.7,1.2,3.9,0.0,,jonesma05
238,Spencer Jones,23,DEN,SF,4,0,9,-0.4,.000,1.000,.000,0.0,35.3,18.4,0.0,10.6,0.0,33.3,14.0,-0.1,0.0,0.0,-0.193,-16.1,5.2,-11.0,0.0,,jonessp01
239,Tre Jones,25,SAS,PG,14,0,232,12.5,.505,.333,.405,2.8,10.0,6.5,31.5,2.1,1.5,15.4,10.8,0.4,0.2,0.6,.120,-2.1,1.6,-0.5,0.1,,jonestr01
240,Tyus Jones,28,PHO,PG,31,31,973,16.2,.625,.551,.074,2.0,7.1,4.6,30.3,1.5,0.5,10.5,15.5,2.5,0.2,2.8,.136,2.3,-1.2,1.0,0.7,,jonesty01
241,DeAndre Jordan,36,DEN,C,18,0,190,13.6,.604,.000,.333,10.9,30.1,20.9,10.0,1.3,4.2,22.5,12.8,0.1,0.3,0.4,.092,-2.6,0.7,-1.8,0.0,,jordade01
242,Cory Joseph,33,ORL,PG,19,0,115,9.7,.455,.667,.000,4.9,14.9,9.7,16.2,2.6,1.7,13.2,14.3,0.0,0.2,0.2,.074,-2.7,2.3,-0.4,0.0,,josepco01
243,Nikola Jović,21,MIA,PF,21,9,422,14.8,.599,.523,.369,2.9,16.4,9.7,12.4,2.1,0.5,8.5,17.2,0.7,0.6,1.2,.142,0.2,0.9,1.1,0.3,,jovicni01
244,Johnny Juzang,23,UTA,SG,26,0,434,10.7,.574,.729,.118,3.7,11.8,7.8,8.5,1.1,0.9,7.9,15.9,0.5,0.0,0.5,.055,-1.3,-2.0,-3.2,-0.1,,juzanjo01
245,Yuki Kawamura,23,MEM,PG,15,0,52,10.6,.530,.700,.300,0.0,9.7,5.0,26.9,0.9,0.0,15.0,20.3,0.0,0.1,0.1,.084,-2.8,-1.1,-3.9,0.0,,kawamyu01
246,Luke Kennard,28,MEM,SG,21,0,424,12.8,.620,.732,.187,2.5,9.8,6.2,17.6,1.3,0.4,13.1,14.3,0.8,0.5,1.2,.140,0.8,0.2,0.9,0.3,,kennalu01
247,Walker Kessler,23,UTA,C,24,24,706,20.0,.687,.020,.428,15.6,25.5,20.6,7.9,0.8,9.0,16.2,12.8,1.5,0.6,2.1,.146,0.8,0.7,1.5,0.6,,kesslwa01
248,Corey Kispert,25,WAS,SF,24,0,649,9.8,.558,.617,.132,1.4,11.2,6.3,8.6,0.9,0.7,10.1,17.1,0.1,0.0,0.1,.009,-2.3,-2.2,-4.5,-0.4,,kispeco01
249,Maxi Kleber,33,DAL,PF,20,3,365,4.6,.487,.386,.273,3.7,14.9,9.5,5.5,0.7,2.2,22.1,7.4,-0.1,0.3,0.2,.031,-5.0,0.4,-4.6,-0.2,,klebima01
250,Dalton Knecht,23,LAL,SF,31,12,703,13.0,.601,.595,.146,3.2,14.2,8.7,7.2,0.9,0.3,6.1,17.4,0.9,0.3,1.2,.081,-0.2,-2.1,-2.2,0.0,,knechda01
251,Tyler Kolek,23,NYK,PG,18,0,113,11.5,.564,.590,.103,2.1,9.8,6.1,12.8,2.6,0.8,14.7,18.6,0.0,0.1,0.2,.069,-2.6,0.0,-2.5,0.0,,kolekty01
252,Christian Koloko,24,LAL,C,20,0,183,10.5,.643,.074,.148,11.2,16.5,13.9,2.9,1.3,4.0,19.6,8.6,0.2,0.2,0.3,.091,-4.2,-0.4,-4.6,-0.1,,kolokch01
253,John Konchar,28,MEM,SG,18,1,238,12.3,.596,.805,.098,7.6,19.5,13.7,9.7,2.3,3.4,17.4,8.6,0.3,0.5,0.7,.146,-0.3,2.7,2.3,0.3,,konchjo01
254,Luke Kornet,29,BOS,C,26,3,439,18.3,.649,.000,.534,13.7,18.8,16.2,11.3,1.3,5.7,10.0,9.8,1.4,0.7,2.1,.227,1.2,2.0,3.3,0.6,,kornelu01
255,Vit Krejci,24,ATL,PG,19,3,265,6.6,.434,.600,.217,3.6,11.1,7.3,16.8,1.9,2.2,19.6,12.5,-0.2,0.2,0.0,.008,-5.0,0.4,-4.6,-0.2,,krejcvi01
256,Jonathan Kuminga,22,GSW,PF,29,10,759,16.3,.532,.276,.379,5.6,14.2,9.7,13.0,1.7,2.1,9.0,27.5,0.4,1.0,1.3,.085,0.3,-0.4,-0.1,0.4,,kuminjo01
257,Kyle Kuzma,29,WAS,PF,12,12,330,9.8,.487,.320,.177,2.5,18.6,10.6,11.6,0.7,0.8,12.9,28.2,-0.7,0.1,-0.6,-0.093,-3.6,-2.8,-6.4,-0.4,,kuzmaky01
258,Jock Landale,29,HOU,C,18,0,175,11.9,.471,.140,.380,12.3,16.2,14.2,10.8,0.8,3.6,14.6,16.1,0.0,0.3,0.3,.088,-2.9,0.2,-2.7,0.0,,landajo01
259,Jake LaRavia,23,MEM,PF,33,0,729,13.6,.603,.371,.351,7.3,13.7,10.6,17.9,1.8,2.2,19.7,15.1,0.9,1.1,2.1,.135,-0.1,1.6,1.4,0.6,,laravja01
260,Pelle Larsson,23,MIA,SG,18,0,290,10.4,.591,.451,.352,3.8,8.6,6.2,12.5,1.7,0.0,10.9,13.9,0.4,0.3,0.6,.103,-3.9,0.2,-3.7,-0.1,,larsspe01
261,Zach LaVine,29,CHI,SF,28,28,934,16.8,.634,.472,.231,0.7,13.6,7.2,19.6,1.1,0.7,14.6,25.4,1.1,0.4,1.4,.074,1.9,-1.6,0.3,0.6,,lavinza01
262,A.J. Lawson,24,TOR,SG,2,0,10,30.6,.922,.500,.500,0.0,21.9,10.9,0.0,0.0,0.0,0.0,20.2,0.0,0.0,0.0,.231,12.2,-0.6,11.5,0.0,,lawsoaj01
263,Damion Lee,32,PHO,SG,6,0,45,4.9,.375,.550,.300,0.0,12.2,6.2,15.5,2.2,0.0,11.7,25.2,-0.1,0.0,-0.1,-0.127,-7.7,-1.2,-9.0,-0.1,,leeda03
264,Alex Len,31,SAC,C,24,3,176,12.9,.584,.154,.423,7.0,19.1,13.1,15.7,0.8,7.9,18.5,9.3,0.2,0.2,0.4,.121,-2.3,2.5,0.2,0.1,,lenal01
265,Malevy Leons,25,OKC,SF,6,0,21,-2.3,.266,.500,2.000,5.0,9.9,7.5,5.3,0.0,0.0,21.0,9.6,0.0,0.0,0.0,-0.042,-10.7,-1.9,-12.7,-0.1,,leonsma01
266,Caris LeVert,30,CLE,SF,25,0,599,18.3,.653,.480,.322,2.5,10.2,6.5,21.7,1.8,1.8,12.5,19.0,1.6,0.7,2.3,.183,2.9,0.8,3.6,0.9,,leverca01
267,Maxwell Lewis,22,LAL,SF,7,0,29,2.3,.333,.000,.000,7.8,0.0,3.9,8.9,1.7,0.0,25.0,12.1,-0.1,0.0,-0.1,-0.094,-6.6,-3.4,-10.0,-0.1,,lewisma05
268,E.J. Liddell,24,CHI,PF,6,0,31,15.4,.845,.750,.250,3.4,13.4,8.5,13.1,1.5,2.8,18.4,14.7,0.1,0.0,0.1,.168,0.1,0.6,0.7,0.0,,liddeej01
269,Damian Lillard,34,MIL,PG,23,23,835,22.7,.622,.527,.406,1.8,11.7,6.9,33.7,1.5,0.5,12.1,28.7,2.7,0.7,3.4,.197,5.2,-0.7,4.4,1.4,,lillada01
270,Dereck Lively II,20,DAL,C,25,18,603,19.9,.698,.000,.465,14.3,20.3,17.4,13.9,1.3,5.9,17.1,13.2,1.8,0.9,2.7,.213,1.4,2.2,3.6,0.9,,livelde01
271,Chris Livingston,21,MIL,SF,3,0,6,19.4,.500,.000,.000,18.9,17.7,18.3,24.3,8.1,0.0,33.3,22.0,0.0,0.0,0.0,.067,-0.4,4.5,4.2,0.0,,livinch01
272,Kevon Looney,28,GSW,C,28,5,442,17.6,.523,.000,.366,19.8,26.0,22.8,14.8,2.2,1.3,11.6,13.9,0.9,0.8,1.7,.181,-0.5,0.4,-0.1,0.2,,looneke01
273,Brook Lopez,36,MIL,C,30,30,980,13.8,.601,.540,.135,4.2,11.9,8.2,6.8,1.4,5.8,9.5,15.2,1.0,1.2,2.2,.107,-0.4,0.8,0.4,0.6,,lopezbr01
274,Kevin Love,36,MIA,PF,16,5,183,17.1,.478,.549,.209,10.2,32.5,21.4,16.4,3.5,1.1,11.6,27.0,-0.1,0.4,0.3,.081,-0.2,0.6,0.4,0.1,,loveke01
275,Kyle Lowry,38,PHI,PG,22,10,446,10.1,.538,.750,.288,1.7,9.6,5.4,19.7,2.3,1.9,13.4,10.3,0.4,0.4,0.9,.092,-2.6,1.7,-1.0,0.1,,lowryky01
276,Trey Lyles,29,SAC,PF,22,2,438,10.1,.525,.712,.203,5.4,17.7,11.5,5.3,1.2,2.5,8.5,13.8,0.2,0.4,0.6,.065,-1.6,-1.1,-2.7,-0.1,,lylestr01
277,Sandro Mamukelashvili,25,SAS,PF,20,0,185,17.1,.703,.696,.268,7.1,24.5,16.0,5.7,0.8,2.4,12.6,16.6,0.3,0.2,0.6,.145,2.2,-0.5,1.6,0.2,,mamuksa01
278,Terance Mann,28,LAC,SG,23,11,484,10.9,.520,.367,.188,5.6,10.8,8.2,11.5,2.2,1.0,8.6,13.5,0.4,0.7,1.1,.105,-2.5,1.3,-1.2,0.1,,mannte01
279,Tre Mann,23,CHO,PG,13,0,319,13.8,.537,.373,.130,3.9,9.2,6.5,21.4,1.1,1.3,12.8,25.9,0.1,0.1,0.3,.039,-0.3,-2.1,-2.4,0.0,,manntr01
280,Lauri Markkanen,27,UTA,PF,25,25,798,18.4,.611,.556,.372,6.4,16.0,11.3,10.1,1.2,0.6,8.4,23.2,2.1,0.0,2.1,.126,3.4,-2.3,1.2,0.6,,markkla01
281,Naji Marshall,27,DAL,SF,26,8,604,15.0,.609,.294,.196,4.4,10.6,7.6,13.4,1.8,0.3,13.1,18.8,0.9,0.5,1.4,.114,0.1,-0.1,0.0,0.3,,marshna01
282,Caleb Martin,29,PHI,SF,24,17,712,10.0,.527,.385,.357,5.3,12.7,8.8,10.4,1.6,1.8,15.3,15.3,0.0,0.6,0.6,.040,-2.4,-0.4,-2.9,-0.2,,martica02
283,Cody Martin,29,CHO,SF,30,7,779,12.1,.535,.493,.167,4.4,15.5,9.7,13.1,2.2,2.7,12.5,14.7,0.4,0.8,1.2,.076,-1.9,0.9,-1.1,0.2,,martico01
284,Jaylen Martin,21,BRK,SF,3,0,5,13.2,.750,.500,.000,0.0,0.0,0.0,0.0,0.0,0.0,0.0,17.7,0.0,0.0,0.0,.107,4.4,-1.0,3.4,0.0,,martija02
285,KJ Martin,24,PHI,PF,24,7,480,12.7,.689,.212,.293,4.8,12.9,8.6,6.0,1.1,3.5,9.7,11.3,0.9,0.4,1.3,.131,-2.0,0.5,-1.5,0.1,,martike04
286,Tyrese Martin,25,BRK,SG,16,2,266,14.3,.609,.685,.120,6.1,17.3,11.6,11.9,1.3,1.2,11.8,18.3,0.3,0.2,0.5,.090,1.4,-0.7,0.6,0.2,,martity01
287,Garrison Mathews,28,ATL,SG,24,1,444,14.4,.688,.858,.366,1.2,6.4,3.7,10.8,1.8,1.5,8.3,15.5,1.1,0.3,1.3,.145,1.0,-0.4,0.5,0.3,,mathega01
288,Bennedict Mathurin,22,IND,SG,33,28,1087,13.2,.581,.320,.382,4.5,16.4,10.6,7.9,1.0,1.0,12.3,21.5,0.8,0.5,1.2,.055,-1.5,-2.0,-3.5,-0.4,,mathube01
289,Karlo Matković,23,NOP,PF,5,0,39,7.9,.400,.000,.000,15.8,11.7,13.9,0.0,3.7,7.2,44.4,9.7,-0.1,0.0,0.0,-0.046,-7.9,-1.0,-8.9,-0.1,,matkoka01
290,Tyrese Maxey,24,PHI,PG,23,23,856,19.5,.543,.448,.268,0.6,11.4,5.7,27.0,2.7,1.1,8.3,30.8,1.0,0.9,1.9,.107,3.0,-0.1,2.9,1.0,,maxeyty01
291,Miles McBride,24,NYK,PG,27,0,669,13.0,.570,.592,.151,3.4,8.8,6.2,15.3,1.6,0.9,9.7,16.9,1.0,0.5,1.5,.106,0.4,-0.4,0.1,0.4,,mcbrimi01
292,Jared McCain,20,PHI,SG,23,8,592,15.8,.589,.485,.204,2.4,8.8,5.4,17.8,1.3,0.0,11.0,24.9,0.7,0.3,1.0,.085,2.0,-1.5,0.6,0.4,,mccaija01
293,Mac McClung,26,ORL,SG,1,0,5,14.7,,,,0.0,24.4,11.7,50.4,0.0,0.0,,0.0,0.0,0.0,0.0,.223,2.4,4.1,6.5,0.0,,mccluma01
294,CJ McCollum,33,NOP,PG,19,19,636,15.8,.528,.431,.170,2.4,10.8,6.4,21.1,1.6,1.3,7.9,26.7,0.4,0.1,0.5,.039,0.7,-2.0,-1.3,0.1,,mccolcj01
295,T.J. McConnell,32,IND,PG,32,0,630,20.0,.576,.079,.120,3.9,10.9,7.5,34.5,2.8,1.3,14.3,24.7,0.9,0.5,1.4,.105,1.4,-0.1,1.3,0.5,,mccontj01
296,Jaden McDaniels,24,MIN,PF,31,31,922,10.6,.511,.409,.118,5.7,11.3,8.5,8.2,2.3,2.5,9.8,15.4,0.1,1.4,1.6,.082,-3.1,1.5,-1.6,0.1,,mcdanja02
297,Doug McDermott,33,SAC,SF,22,3,200,9.6,.597,.855,.072,1.1,7.9,4.5,2.0,0.7,0.5,2.7,15.8,0.2,0.1,0.3,.067,-1.5,-2.6,-4.1,-0.1,,mcderdo01
298,Bryce McGowens,22,POR,SG,1,0,3,22.1,.500,.500,.000,0.0,0.0,0.0,67.0,0.0,0.0,0.0,27.7,0.0,0.0,0.0,.144,8.8,0.5,9.2,0.0,,mcgowbr01
299,Jordan McLaughlin,28,SAC,PG,22,0,164,10.1,.543,.590,.359,2.1,11.0,6.5,14.7,2.7,0.0,16.6,14.2,0.1,0.1,0.2,.058,-3.6,0.0,-3.6,-0.1,,mclaujo01
300,Jack McVeigh,28,HOU,PF,6,0,21,4.4,.364,.727,.000,4.9,15.0,9.9,6.7,0.0,4.3,8.3,23.5,-0.1,0.0,0.0,-0.055,-5.2,-2.7,-7.9,0.0,,mcveija01
301,De'Anthony Melton,26,GSW,SG,6,2,121,13.5,.539,.648,.148,5.0,12.4,8.6,20.9,2.8,1.6,14.8,23.3,0.0,0.2,0.2,.081,-1.4,0.5,-0.9,0.0,,meltode01
302,Sam Merrill,28,CLE,SG,27,2,535,10.7,.566,.881,.107,2.1,8.3,5.3,10.5,1.5,1.2,6.9,15.2,0.6,0.5,1.2,.103,-0.7,0.0,-0.7,0.2,,merrisa01
303,Vasilije Micić,31,CHO,PG,20,9,427,8.1,.471,.459,.094,3.7,9.2,6.3,25.7,1.3,0.0,20.2,20.6,-0.5,0.2,-0.3,-0.032,-3.4,-2.4,-5.8,-0.4,,micicva01
304,Khris Middleton,33,MIL,SF,9,4,205,18.2,.584,.385,.219,1.1,18.1,9.9,36.8,2.1,0.9,17.3,27.3,0.2,0.3,0.5,.119,1.4,1.0,2.4,0.2,,middlkh01
305,Brandon Miller,22,CHO,SF,23,23,793,14.7,.538,.593,.159,2.8,13.6,8.0,18.6,1.6,2.2,12.5,27.8,0.2,0.6,0.8,.047,1.3,-0.9,0.4,0.5,,millebr02
306,Jordan Miller,25,LAC,SF,19,0,271,10.2,.501,.294,.216,7.0,7.4,7.2,11.0,1.1,1.1,12.5,20.3,-0.1,0.3,0.2,.038,-2.8,-1.6,-4.4,-0.2,,millejo02
307,Leonard Miller,21,MIN,SF,1,0,2,65.8,1.136,,,0.0,0.0,0.0,0.0,24.6,0.0,0.0,19.2,0.0,0.0,0.0,1.063,23.8,32.6,56.4,0.0,,millele01
308,Dariq Whitehead,20,BRK,SF,4,0,28,22.0,.818,.909,.000,0.0,13.0,6.3,6.2,5.3,3.7,21.4,22.1,0.0,0.0,0.1,.105,5.4,3.3,8.7,0.1,,whiteda01
309,Patty Mills,36,UTA,PG,9,0,138,6.2,.495,.774,.097,0.8,5.5,3.2,12.8,2.1,1.4,19.8,12.3,-0.1,0.0,-0.1,-0.022,-4.2,0.1,-4.1,-0.1,,millspa02
310,Shake Milton,28,BRK,SG,27,1,492,13.1,.580,.459,.210,3.8,8.6,6.1,20.4,1.5,0.2,10.4,17.2,0.7,0.2,1.0,.094,-0.5,-0.4,-0.9,0.1,,miltosh01
311,Justin Minaya,25,POR,SF,1,0,6,-0.5,,,,0.0,18.8,9.0,0.0,0.0,0.0,,0.0,0.0,0.0,0.0,.003,-11.2,-2.0,-13.2,0.0,,minayju01
312,Riley Minix,24,SAS,SF,1,0,7,-1.8,.000,1.000,.000,0.0,30.2,15.3,0.0,0.0,0.0,0.0,6.1,0.0,0.0,0.0,-0.101,-8.5,-3.6,-12.1,0.0,,minixri01
313,Josh Minott,22,MIN,SF,18,0,133,16.6,.613,.439,.171,4.3,17.4,10.9,12.7,3.3,3.5,10.2,16.1,0.2,0.3,0.5,.172,-1.0,3.9,2.9,0.2,,minotjo01
314,Yves Missi,20,NOP,C,31,25,827,16.6,.579,.005,.417,15.1,19.7,17.3,7.3,1.2,4.5,12.9,14.5,1.3,0.4,1.7,.098,-1.4,-1.5,-2.9,-0.2,,missiyv01
315,Ajay Mitchell,22,OKC,SG,31,1,505,12.9,.607,.300,.173,3.1,9.4,6.3,14.3,2.3,0.6,13.9,15.8,0.6,0.9,1.5,.142,-2.3,1.2,-1.1,0.1,,mitchaj01
316,Davion Mitchell,26,TOR,PG,29,13,762,7.6,.496,.489,.172,2.0,6.8,4.4,24.4,1.5,0.9,21.8,13.4,-0.1,0.2,0.1,.005,-3.9,-0.8,-4.7,-0.5,,mitchda01
317,Donovan Mitchell,28,CLE,SG,30,30,949,21.3,.592,.506,.212,1.9,14.0,8.1,21.9,2.4,0.8,9.5,30.0,2.0,1.3,3.3,.165,3.6,0.0,3.5,1.3,,mitchdo01
318,Evan Mobley,23,CLE,PF,29,29,881,23.0,.649,.194,.328,8.1,23.8,16.2,14.1,1.6,4.4,12.5,23.4,2.4,1.5,3.9,.213,2.8,1.3,4.1,1.4,,mobleev01
319,Jonathan Mogbo,23,TOR,PF,32,6,559,13.4,.520,.163,.313,12.0,16.7,14.3,13.4,2.2,2.7,15.2,14.6,0.5,0.5,0.9,.079,-1.6,0.5,-1.1,0.1,,mogbojo01
320,Malik Monk,26,SAC,SG,25,12,747,15.4,.565,.520,.178,0.8,12.8,6.8,23.3,1.2,2.0,11.2,22.8,0.9,0.5,1.4,.091,0.9,-0.9,0.0,0.4,,monkma01
321,Moses Moody,22,GSW,SG,25,4,392,10.6,.546,.595,.242,2.6,9.6,6.0,7.7,1.2,1.5,10.1,20.0,0.1,0.4,0.5,.056,-2.1,-0.8,-2.9,-0.1,,moodymo01
322,Taze Moore,26,POR,SG,2,0,20,7.2,.276,.400,.200,20.9,22.6,21.7,6.8,4.8,0.0,15.5,26.8,-0.1,0.0,-0.1,-0.176,-3.5,-1.1,-4.7,0.0,,mooreta02
323,Wendell Moore Jr.,23,DET,SG,13,0,183,14.6,.615,.268,.341,6.7,19.0,12.8,13.3,2.1,1.6,14.5,12.9,0.3,0.2,0.5,.132,-0.8,1.3,0.5,0.1,,moorewe01
324,Ja Morant,25,MEM,PG,20,20,553,20.9,.573,.307,.415,2.5,13.7,8.3,41.7,1.8,1.3,17.0,31.9,1.0,0.8,1.8,.158,4.1,0.1,4.2,0.9,,moranja01
325,Markieff Morris,35,DAL,PF,4,0,21,-0.4,.278,.333,.000,0.0,25.0,12.9,12.0,0.0,4.3,18.2,22.3,-0.1,0.0,-0.1,-0.207,-8.6,-2.1,-10.7,0.0,,morrima02
326,Monte Morris,29,PHO,PG,26,0,346,13.2,.525,.466,.267,2.3,10.5,6.5,19.7,1.9,0.8,8.5,18.1,0.4,0.2,0.5,.072,-1.1,-0.6,-1.7,0.0,,morrimo01
327,Trey Murphy III,24,NOP,SF,19,17,644,16.4,.594,.541,.243,2.4,12.6,7.2,11.6,1.5,1.9,9.3,23.2,1.0,0.1,1.1,.079,1.8,-1.4,0.4,0.4,,murphtr02
328,Dejounte Murray,28,NOP,PG,15,15,504,12.8,.455,.328,.213,1.4,20.6,10.5,34.5,3.4,1.5,18.6,27.2,-0.9,0.5,-0.5,-0.046,-2.9,-0.1,-3.0,-0.1,,murrade01
329,Jamal Murray,27,DEN,PG,24,24,881,15.9,.551,.366,.250,1.4,10.7,6.2,23.4,1.9,1.6,11.3,23.2,1.0,0.6,1.7,.090,0.4,-0.8,-0.5,0.4,,murraja01
330,Keegan Murray,24,SAC,PF,31,31,1101,10.4,.514,.504,.114,7.0,16.4,11.7,5.3,0.9,2.3,7.7,15.2,0.5,0.8,1.3,.058,-2.1,-1.5,-3.6,-0.5,,murrake02
331,Kris Murray,24,POR,SF,25,0,304,10.0,.517,.402,.230,8.3,10.4,9.3,8.5,1.6,0.9,13.5,15.1,0.0,0.1,0.1,.017,-2.2,-1.2,-3.3,-0.1,,murrakr01
332,Svi Mykhailiuk,27,UTA,SF,9,5,151,12.5,.605,.770,.098,0.8,9.4,5.2,13.5,2.6,1.3,18.0,21.6,0.0,0.0,0.0,.013,-0.8,-1.0,-1.8,0.0,,mykhasv01
333,Larry Nance Jr.,32,ATL,PF,15,2,291,19.9,.733,.532,.085,5.8,17.9,11.8,11.8,2.5,3.6,10.1,15.1,0.8,0.4,1.1,.188,3.5,1.2,4.8,0.5,,nancela02
334,Andrew Nembhard,25,IND,SG,18,18,480,13.5,.578,.270,.276,1.7,11.1,6.5,25.1,1.4,0.6,16.2,18.5,0.5,0.2,0.7,.070,-0.8,-0.9,-1.7,0.0,,nembhan01
335,Aaron Nesmith,25,IND,SF,6,6,136,12.0,.659,.306,.361,3.4,16.3,10.0,5.9,1.4,1.4,10.7,15.0,0.2,0.1,0.3,.105,-2.0,-0.2,-2.2,0.0,,nesmiaa01
336,Tristen Newton,23,IND,SG,5,0,8,-15.4,.233,.500,.167,0.0,0.0,0.0,16.5,0.0,0.0,13.4,40.5,-0.1,0.0,-0.1,-0.571,-22.0,-11.5,-33.4,-0.1,,newtotr01
337,Georges Niang,31,CLE,PF,31,1,643,11.4,.598,.645,.065,4.1,17.1,10.8,8.6,0.8,0.7,11.9,17.0,0.6,0.7,1.2,.091,-1.2,-0.8,-2.1,0.0,,niangge01
338,Daishen Nix,22,MIN,PG,3,0,13,-7.0,.266,1.000,2.000,0.0,33.8,17.2,28.3,0.0,0.0,68.0,19.8,-0.1,0.0,-0.1,-0.322,-15.5,-1.4,-16.8,0.0,,nixda01
339,Zeke Nnaji,24,DEN,PF,18,0,84,3.8,.401,.375,.208,2.7,6.3,4.6,5.9,0.6,2.1,7.1,14.1,-0.1,0.0,-0.1,-0.051,-6.6,-2.2,-8.8,-0.1,,nnajize01
340,Jaylen Nowell,25,NOP,SG,8,0,168,7.8,.430,.370,.151,3.7,9.5,6.4,16.1,0.3,2.2,9.3,21.4,-0.2,0.0,-0.2,-0.066,-3.0,-2.8,-5.7,-0.2,,nowelja01
341,Jusuf Nurkić,30,PHO,C,23,23,558,12.9,.550,.361,.419,8.9,34.5,21.9,11.0,2.0,2.5,22.4,18.7,-0.2,0.8,0.5,.047,-3.7,0.3,-3.5,-0.2,,nurkiju01
342,Royce O'Neale,31,PHO,SF,31,9,817,14.6,.608,.689,.082,4.3,19.1,11.8,13.0,1.8,2.2,10.4,16.1,1.1,0.7,1.8,.104,1.1,0.2,1.2,0.7,,onealro01
343,Josh Okogie,26,PHO,SG,19,1,286,16.4,.573,.357,.276,11.5,12.3,11.9,5.3,3.3,2.3,12.0,19.3,0.3,0.3,0.5,.092,0.5,0.1,0.6,0.2,,okogijo01
344,Onyeka Okongwu,24,ATL,C,26,0,612,17.9,.613,.199,.346,11.3,18.6,14.9,8.2,1.4,2.8,8.0,17.5,1.4,0.6,2.0,.156,0.4,-0.3,0.0,0.3,,okongon01
345,Isaac Okoro,24,CLE,SG,23,16,483,12.5,.650,.570,.196,4.9,6.9,6.0,10.0,1.7,1.9,7.2,11.2,1.0,0.5,1.5,.152,0.3,0.9,1.2,0.4,,okorois01
346,Quincy Olivari,23,LAL,PG,1,0,8,-0.9,.500,1.000,.000,0.0,0.0,0.0,0.0,0.0,0.0,25.0,21.9,0.0,0.0,0.0,-0.208,-7.9,-7.4,-15.3,0.0,,olivaqu01
347,Kelly Olynyk,33,TOR,C,9,1,150,13.4,.567,.385,.346,7.2,24.9,16.0,21.3,2.9,1.3,24.1,21.7,0.0,0.2,0.2,.050,-2.5,1.2,-1.2,0.0,,olynyke01
348,Kelly Oubre Jr.,29,PHI,SF,29,26,936,12.1,.536,.403,.220,5.2,15.6,10.1,7.4,1.8,1.7,9.5,17.8,0.4,0.9,1.3,.065,-1.9,-0.4,-2.3,-0.1,,oubreke01
349,Chris Paul,39,SAS,PG,32,32,930,16.2,.580,.646,.208,1.8,13.3,7.6,40.2,2.5,0.6,18.1,14.8,2.0,1.0,3.0,.154,0.6,0.7,1.3,0.8,,paulch01
350,Cameron Payne,30,NYK,PG,26,0,401,15.9,.576,.618,.076,2.1,9.7,6.0,23.9,1.9,1.9,7.9,19.3,0.9,0.4,1.3,.152,1.2,0.3,1.4,0.3,,payneca01
351,Elfrid Payton,30,NOP,PG,7,3,144,15.0,.501,.022,.043,3.6,15.0,9.0,50.4,3.4,2.0,29.9,19.4,-0.1,0.1,0.0,.005,-2.3,0.0,-2.3,0.0,,paytoel01
352,Gary Payton II,32,GSW,SG,28,4,368,15.2,.577,.302,.142,9.0,13.1,11.0,13.3,2.6,2.6,11.1,14.3,0.5,0.6,1.1,.143,-1.1,1.9,0.8,0.3,,paytoga02
353,Drew Peterson,25,BOS,PF,9,0,92,9.9,.623,.824,.412,5.8,15.4,10.6,6.9,1.1,1.9,16.6,11.2,0.1,0.1,0.2,.113,-2.4,1.0,-1.4,0.0,,peterdr01
354,Julian Phillips,21,CHI,SF,31,2,434,9.6,.536,.605,.226,6.6,9.1,7.9,4.4,1.9,1.6,8.7,14.4,0.2,0.2,0.4,.045,-2.7,-0.7,-3.5,-0.2,,phillju01
355,Jalen Pickett,25,DEN,SG,7,0,66,12.1,.594,.750,.000,1.7,11.2,6.7,31.6,0.7,1.4,20.0,12.8,0.1,0.0,0.1,.104,0.3,0.1,0.4,0.0,,pickeja02
356,Scotty Pippen Jr.,24,MEM,PG,33,12,743,14.9,.563,.352,.244,3.3,12.5,8.0,29.7,2.1,1.5,17.8,20.6,0.8,1.1,1.9,.126,-0.5,1.1,0.5,0.5,,pippesc02
357,Mason Plumlee,34,PHO,C,30,8,516,13.6,.586,.013,.696,10.3,29.0,19.8,14.1,1.0,3.8,20.1,11.1,0.7,0.5,1.3,.116,-2.2,0.8,-1.4,0.1,,plumlma01
358,Brandin Podziemski,21,GSW,SG,30,8,725,11.5,.491,.457,.130,4.3,15.4,9.7,18.2,1.9,0.9,11.0,15.7,0.3,0.9,1.3,.084,-2.2,0.9,-1.3,0.1,,podzibr01
359,Jakob Poeltl,29,TOR,C,27,26,862,19.1,.612,.007,.307,13.2,23.9,18.5,12.6,1.7,3.9,15.0,19.2,1.4,0.9,2.3,.127,0.2,0.3,0.5,0.5,,poeltja01
360,Jordan Poole,25,WAS,SG,26,26,821,16.4,.592,.546,.302,1.1,7.6,4.4,25.9,2.4,1.5,16.4,28.4,0.4,0.3,0.7,.041,1.8,-1.3,0.5,0.5,,poolejo01
361,Craig Porter Jr.,24,CLE,PG,18,0,164,12.0,.635,.324,.147,1.4,9.2,5.4,17.8,1.5,3.4,19.9,11.9,0.2,0.2,0.4,.111,-0.7,1.1,0.4,0.1,,portecr01
362,Kevin Porter Jr.,24,LAC,SG,27,1,547,11.5,.478,.276,.195,3.9,16.3,10.1,23.5,2.5,1.3,17.9,27.2,-1.0,0.9,-0.1,-0.008,-3.7,0.3,-3.4,-0.2,,porteke02
363,Michael Porter Jr.,26,DEN,SF,30,30,1032,16.4,.628,.446,.195,5.0,15.7,10.6,11.0,1.0,1.0,9.2,20.0,1.9,0.6,2.6,.119,1.9,-1.5,0.3,0.6,,portemi01
364,Bobby Portis,29,MIL,PF,29,5,732,18.3,.545,.300,.109,8.1,25.3,17.0,14.1,1.4,2.2,9.0,24.7,0.6,1.0,1.6,.107,0.9,-0.5,0.4,0.4,,portibo01
365,Kristaps Porziņģis,29,BOS,C,11,11,299,22.0,.587,.453,.358,5.4,20.0,12.6,9.4,1.3,4.7,4.5,25.7,0.8,0.5,1.3,.203,2.9,0.6,3.5,0.4,,porzikr01
366,Quinten Post,24,GSW,PF,1,0,1,-7.3,.000,1.000,.000,0.0,0.0,0.0,100.0,0.0,0.0,0.0,41.7,0.0,0.0,0.0,-0.536,-0.8,8.6,7.8,0.0,,postqu01
367,Micah Potter,26,UTA,C,9,2,163,11.3,.600,.833,.000,9.7,21.4,15.7,10.0,0.6,2.3,16.7,9.3,0.2,0.0,0.2,.069,-0.2,-0.4,-0.6,0.1,,pottemi01
368,Dwight Powell,33,DAL,C,25,0,192,14.5,.794,.067,1.733,8.7,14.2,11.6,11.3,2.0,5.1,18.5,7.2,0.5,0.3,0.8,.195,-0.7,3.1,2.4,0.2,,poweldw01
369,Norman Powell,31,LAC,SG,24,24,801,19.7,.641,.473,.252,1.0,10.0,5.5,12.9,1.8,0.6,10.1,27.2,1.7,1.0,2.7,.161,3.8,-0.2,3.6,1.1,,powelno01
370,Taurean Prince,30,MIL,SF,30,26,779,9.1,.604,.618,.096,2.6,14.0,8.5,8.6,1.6,0.6,16.6,12.6,0.3,0.8,1.0,.062,-2.6,-0.1,-2.7,-0.1,,princta02
371,Payton Pritchard,27,BOS,PG,32,0,921,18.6,.648,.769,.132,5.5,8.9,7.2,17.4,1.5,0.4,8.1,19.5,2.9,0.9,3.8,.197,4.0,-0.3,3.8,1.3,,pritcpa01
372,Olivier-Maxence Prosper,22,DAL,PF,21,0,151,11.8,.458,.326,.442,10.4,16.0,13.3,7.6,1.6,1.2,5.5,15.3,0.1,0.2,0.3,.085,-1.4,-1.1,-2.4,0.0,,prospol01
373,Trevelin Queen,27,ORL,SG,8,2,128,10.8,.672,.516,.129,1.8,5.7,3.7,11.7,3.1,2.3,23.4,14.5,0.0,0.2,0.3,.100,-2.6,3.2,0.6,0.1,,queentr01
374,Neemias Queta,25,BOS,C,26,5,408,15.6,.662,.022,.330,11.3,20.0,15.6,6.1,0.8,5.0,14.7,12.9,0.8,0.6,1.4,.170,-1.8,0.9,-1.0,0.1,,quetane01
375,Immanuel Quickley,25,TOR,PG,3,3,68,14.3,.500,.381,.214,1.6,8.1,4.8,27.9,1.4,0.0,8.0,30.3,0.0,0.0,0.1,.040,1.0,-2.3,-1.3,0.0,,quickim01
376,Lester Quiñones,24,PHI,SG,4,0,17,8.7,.533,.375,.125,19.2,7.2,13.5,10.7,0.0,0.0,32.2,32.1,-0.1,0.0,-0.1,-0.186,-3.7,-6.8,-10.5,0.0,,quinole01
377,Julius Randle,30,MIN,PF,31,31,1028,17.9,.598,.339,.399,6.3,17.0,11.7,21.6,1.0,0.6,14.8,26.2,1.7,1.3,3.0,.141,1.6,-0.3,1.3,0.9,,randlju01
378,Duop Reath,28,POR,C,14,0,86,9.3,.517,.759,.000,7.3,9.2,8.2,6.6,0.0,2.2,3.3,14.5,0.1,0.0,0.1,.047,-0.7,-2.7,-3.4,0.0,,reathdu01
379,Austin Reaves,26,LAL,SG,26,26,894,15.2,.580,.537,.274,2.8,10.8,6.8,24.1,1.5,0.4,13.7,22.5,1.0,0.4,1.5,.079,0.7,-1.4,-0.7,0.3,,reaveau01
380,Cam Reddish,25,LAL,SF,24,8,469,8.4,.568,.514,.300,2.9,8.8,5.9,5.5,2.9,1.8,13.2,8.5,0.2,0.4,0.6,.059,-4.0,1.4,-2.6,-0.1,,reddica01
381,Paul Reed,25,DET,C,18,0,213,21.6,.647,.231,.323,7.8,15.8,11.8,13.8,5.3,5.9,12.9,17.1,0.5,0.5,0.9,.211,0.9,4.8,5.7,0.4,,reedpa01
382,Alex Reese,25,OKC,PF,1,0,2,54.8,1.000,.000,.000,52.7,0.0,26.1,0.0,0.0,0.0,0.0,21.3,0.0,0.0,0.0,.602,22.9,-3.8,19.0,0.0,,reeseal01
383,Antonio Reeves,24,NOP,SG,16,0,149,11.2,.486,.486,.100,4.1,9.2,6.5,10.6,1.6,0.0,6.4,21.9,0.0,0.0,0.0,-0.007,-1.8,-2.7,-4.5,-0.1,,reevean01
384,Naz Reid,25,MIN,C,31,0,757,14.4,.567,.494,.171,3.0,18.9,11.1,10.9,1.5,3.0,10.2,21.4,0.4,1.2,1.7,.106,-1.0,1.1,0.1,0.4,,reidna01
385,Jared Rhoden,25,CHO,SG,4,0,12,5.6,.250,.250,.000,17.4,18.8,18.1,26.7,4.1,0.0,11.1,31.7,-0.1,0.0,-0.1,-0.209,-7.0,-1.7,-8.7,0.0,,rhodeja01
386,Nick Richards,27,CHO,C,16,9,359,17.4,.621,.011,.796,11.3,28.9,19.8,9.1,0.8,5.3,17.7,18.0,0.5,0.5,1.0,.128,-2.2,-0.2,-2.4,0.0,,richani01
387,Josh Richardson,31,MIA,SG,8,0,150,4.5,.402,.579,.105,4.4,4.3,4.4,10.9,2.6,0.6,16.8,14.0,-0.2,0.2,0.0,-0.016,-7.2,0.2,-6.9,-0.2,,richajo01
388,Zaccharie Risacher,19,ATL,SF,33,31,781,9.9,.492,.433,.232,5.6,9.9,7.7,7.1,1.6,2.4,10.0,20.9,-0.4,0.5,0.2,.011,-3.6,-1.6,-5.1,-0.6,,risacza01
389,Liam Robbins,25,MIL,C,7,0,33,7.6,.434,.250,1.000,13.7,9.6,11.6,3.8,1.5,2.9,14.8,9.0,0.0,0.0,0.0,.058,-4.8,-0.9,-5.7,0.0,,robbili01
390,Duncan Robinson,30,MIA,SF,28,17,659,12.3,.564,.704,.082,1.7,9.2,5.5,16.6,1.1,0.4,8.6,20.2,0.6,0.5,1.1,.082,-0.3,-1.2,-1.5,0.1,,robindu01
391,Orlando Robinson,24,SAC,C,8,0,50,12.1,.454,.333,.400,6.7,20.2,13.5,23.7,1.9,2.0,14.5,17.8,0.0,0.1,0.1,.054,-3.9,0.7,-3.3,0.0,,robinor01
392,Jeremiah Robinson-Earl,24,NOP,PF,29,4,563,13.3,.542,.446,.173,10.8,16.4,13.5,9.0,1.9,0.5,11.7,15.2,0.5,0.2,0.7,.061,-1.0,-1.7,-2.7,-0.1,,robinje02
393,David Roddy,23,ATL,PF,17,1,224,12.0,.681,.528,.245,2.4,18.4,10.3,11.2,1.4,1.3,20.3,13.4,0.2,0.2,0.4,.080,-1.1,-0.1,-1.2,0.0,,roddyda01
394,Ryan Rollins,22,MIL,PG,16,4,188,14.7,.585,.459,.148,3.0,14.1,8.7,13.6,4.4,4.0,19.8,18.9,0.0,0.4,0.3,.086,-2.3,3.9,1.6,0.2,,rolliry01
395,Terry Rozier,30,MIA,PG,27,13,775,11.2,.515,.490,.182,2.8,12.4,7.7,14.5,1.2,1.5,11.3,20.1,0.0,0.8,0.7,.046,-1.9,-1.0,-2.9,-0.2,,roziete01
396,Rayan Rupert,20,POR,SG,24,0,239,9.3,.533,.448,.239,7.4,8.5,7.9,6.5,1.4,0.8,14.9,15.1,0.0,0.0,0.1,.013,-2.5,-1.9,-4.4,-0.1,,ruperra01
397,D'Angelo Russell,28,LAL,PG,29,10,763,13.1,.537,.540,.170,1.2,10.6,5.9,26.5,1.5,0.5,13.0,22.1,0.4,0.4,0.7,.047,-0.7,-1.6,-2.3,0.0,,russeda01
398,Matt Ryan,27,NYK,SF,9,0,45,-1.4,.357,.667,.000,0.0,4.9,2.6,0.0,1.1,0.0,12.5,23.4,-0.2,0.0,-0.2,-0.209,-9.2,-5.0,-14.2,-0.1,,ryanma01
399,Domantas Sabonis,28,SAC,C,29,29,1032,24.3,.669,.177,.326,11.2,31.3,21.3,26.2,1.1,1.2,15.3,22.3,3.6,1.2,4.8,.224,4.9,0.9,5.9,2.0,,sabondo01
400,Tidjane Salaün,19,CHO,PF,27,8,521,7.5,.445,.643,.171,5.8,18.2,11.7,8.2,1.5,1.2,13.3,14.1,-0.3,0.4,0.1,.010,-4.2,-0.4,-4.5,-0.3,,salauti01
401,Adama Sanogo,22,CHI,C,4,0,21,15.3,.571,.000,.000,25.2,5.0,15.0,6.7,0.0,0.0,12.5,15.9,0.0,0.0,0.0,.099,1.0,-3.6,-2.6,0.0,,sanogad01
402,Gui Santos,22,GSW,PF,8,0,35,2.7,.436,.667,.333,5.8,18.4,11.9,10.8,0.0,2.7,30.4,11.8,-0.1,0.0,0.0,-0.023,-9.0,-0.8,-9.9,-0.1,,santogu01
403,Dario Šarić,30,DEN,C,10,3,136,5.3,.399,.475,.150,7.6,20.3,14.2,9.7,2.1,0.0,20.5,16.6,-0.3,0.1,-0.1,-0.045,-6.4,-0.8,-7.2,-0.2,,saricda01
404,Alex Sarr,19,WAS,C,26,26,712,12.6,.488,.432,.209,7.4,16.2,11.8,11.9,1.3,5.9,11.4,20.0,-0.3,0.4,0.1,.009,-2.3,-0.4,-2.7,-0.1,,sarral01
405,Marcus Sasser,24,DET,PG,21,0,283,16.1,.641,.480,.061,3.1,4.7,3.9,20.1,3.3,1.0,15.2,17.9,0.5,0.3,0.7,.123,0.3,0.9,1.2,0.2,,sassema01
406,Baylor Scheierman,24,BOS,SG,5,0,34,0.5,.184,.600,.200,6.3,16.0,11.1,7.0,1.4,0.0,0.0,13.7,-0.1,0.0,-0.1,-0.082,-9.8,-0.9,-10.7,-0.1,,scheiba01
407,Dennis Schröder,31,2TM,PG,29,29,937,13.9,.554,.464,.245,0.6,9.3,4.8,30.6,1.5,0.5,14.3,23.5,0.8,0.5,1.3,.067,-0.4,-1.4,-1.8,0.0,,schrode01
408,Alperen Sengun,22,HOU,C,32,32,1003,22.9,.546,.099,.316,11.5,24.4,17.9,26.4,1.8,2.8,12.0,25.9,2.1,2.2,4.3,.207,3.9,2.5,6.4,2.1,,sengual01
409,Brice Sensabaugh,21,UTA,SF,24,0,403,12.8,.606,.620,.153,4.2,12.5,8.4,12.3,1.8,0.7,17.5,20.2,0.2,0.1,0.3,.032,-0.1,-1.5,-1.5,0.0,,sensabr01
410,Collin Sexton,26,UTA,SG,30,28,852,15.8,.607,.348,.264,3.5,6.8,5.2,22.4,1.4,0.3,15.5,24.9,1.3,-0.2,1.2,.066,0.8,-2.5,-1.7,0.1,,sextoco01
411,Landry Shamet,27,NYK,SG,3,0,18,25.6,.750,.333,.000,0.0,6.2,3.2,8.2,8.3,0.0,0.0,14.6,0.1,0.0,0.1,.265,6.7,8.7,15.4,0.1,,shamela01
412,Terrence Shannon Jr.,24,MIN,SG,10,0,45,10.7,.577,.231,.000,0.0,4.9,2.5,16.8,2.2,2.1,18.8,15.5,0.0,0.1,0.1,.055,-3.8,1.0,-2.7,0.0,,shannte01
413,Day'Ron Sharpe,23,BRK,C,11,0,166,16.7,.483,.197,.258,18.8,23.4,21.0,8.7,3.0,3.7,13.0,22.5,0.0,0.2,0.3,.077,-2.4,-0.5,-2.9,0.0,,sharpda01
414,Shaedon Sharpe,21,POR,SG,23,21,706,15.2,.559,.423,.231,2.4,10.7,6.4,13.7,1.3,0.8,8.8,24.0,0.8,0.1,0.9,.061,0.5,-2.1,-1.6,0.1,,sharpsh01
415,Jamal Shead,22,TOR,PG,28,0,434,8.6,.506,.421,.090,1.5,7.1,4.3,28.7,1.7,0.9,21.6,16.8,-0.1,0.1,0.0,.000,-3.7,-1.3,-4.9,-0.3,,sheadja01
416,Ben Sheppard,23,IND,SG,19,6,379,7.5,.558,.705,.000,3.1,9.7,6.4,7.1,0.9,1.2,6.9,11.7,0.2,0.1,0.3,.041,-2.7,-0.9,-3.6,-0.2,,sheppbe01
417,Reed Sheppard,20,HOU,PG,29,0,344,7.3,.414,.576,.051,3.0,8.6,5.7,13.6,2.1,2.6,12.4,16.5,-0.3,0.6,0.3,.036,-4.3,1.2,-3.1,-0.1,,sheppre01
418,Pascal Siakam,30,IND,PF,33,33,1115,19.1,.619,.306,.249,5.6,18.2,12.1,15.1,1.4,0.8,8.0,22.5,2.6,0.7,3.3,.143,2.5,-0.9,1.6,1.0,,siakapa01
419,Ben Simmons,28,BRK,PG,25,19,628,12.8,.580,.000,.174,4.2,21.5,12.6,40.6,1.7,2.0,35.6,14.3,0.3,0.6,0.9,.068,-1.8,1.6,-0.2,0.3,,simmobe01
420,Anfernee Simons,25,POR,SG,28,28,876,13.5,.533,.512,.184,1.1,8.2,4.5,24.6,1.5,0.2,12.7,24.6,0.5,0.1,0.6,.033,0.1,-2.4,-2.3,-0.1,,simonan01
421,KJ Simpson,22,CHO,PG,9,0,120,7.4,.394,.500,.250,7.8,5.6,6.8,21.7,2.1,1.7,16.9,18.8,-0.1,0.1,-0.1,-0.029,-5.4,-0.8,-6.2,-0.1,,simpskj01
422,Jericho Sims,26,NYK,C,28,2,335,10.3,.659,.000,.265,13.6,21.2,17.6,6.1,1.0,2.6,28.3,6.9,0.4,0.4,0.8,.116,-2.8,0.0,-2.7,-0.1,,simsje01
423,Marcus Smart,30,MEM,PG,18,6,382,12.3,.523,.613,.254,3.9,7.4,5.7,22.5,2.7,1.4,17.7,19.9,0.1,0.6,0.7,.090,-1.0,0.8,-0.2,0.2,,smartma01
424,Dru Smith,27,MIA,SG,14,1,268,13.7,.659,.492,.213,4.9,9.7,7.3,12.4,3.9,2.2,20.3,13.7,0.3,0.5,0.7,.127,-1.1,3.3,2.2,0.3,,smithdr01
425,Jabari Smith Jr.,21,HOU,PF,32,32,998,12.4,.565,.511,.239,5.9,16.4,11.1,4.6,0.5,2.8,7.9,15.1,1.3,1.6,2.9,.140,-0.7,0.3,-0.4,0.4,,smithja05
426,Jalen Smith,24,CHI,C,28,1,430,17.9,.598,.530,.259,9.6,28.1,18.9,7.1,1.0,4.0,8.4,19.6,0.7,0.4,1.2,.131,0.7,-1.0,-0.3,0.2,,smithja04
427,Nick Smith Jr.,20,CHO,SG,14,0,125,7.3,.441,.551,.041,0.8,9.0,4.8,12.2,1.6,0.8,5.7,17.9,-0.1,0.1,0.0,-0.002,-4.2,-1.0,-5.2,-0.1,,smithni01
428,Tyler Smith,20,MIL,PF,11,0,38,18.8,.739,.571,.143,3.0,25.1,14.4,4.3,0.0,7.4,16.8,20.7,0.0,0.1,0.1,.118,1.5,1.6,3.2,0.1,,smithty02
429,Jeremy Sochan,21,SAS,PF,19,16,569,16.9,.586,.167,.345,10.0,20.0,15.1,14.6,1.5,2.0,13.7,20.5,0.8,0.7,1.4,.119,0.1,0.3,0.4,0.3,,sochaje01
430,Cam Spencer,24,MEM,SG,7,0,81,11.5,.622,.474,.421,4.0,11.2,7.7,16.1,0.6,1.1,15.1,13.0,0.2,0.1,0.2,.144,-1.5,-0.1,-1.6,0.0,,spencca01
431,Pat Spencer,28,GSW,PG,9,0,45,14.7,.415,.188,.125,9.0,7.2,8.1,37.0,5.4,0.0,19.2,19.3,0.0,0.1,0.1,.080,-2.3,4.6,2.2,0.0,,spencpa01
432,Jaden Springer,22,BOS,SG,12,0,53,11.2,.427,.308,1.000,8.1,20.5,14.3,9.3,2.8,0.0,5.1,16.0,0.0,0.1,0.1,.106,-5.6,1.1,-4.5,0.0,,sprinja01
433,Isaiah Stewart,23,DET,C,28,3,595,14.2,.618,.193,.277,11.2,19.8,15.5,11.3,1.1,5.5,17.8,11.7,0.9,0.7,1.6,.129,-1.8,1.5,-0.3,0.3,,stewais01
434,Julian Strawther,22,DEN,SG,30,0,618,11.3,.595,.510,.236,1.7,9.1,5.5,8.2,1.5,1.6,9.8,17.4,0.6,0.4,0.9,.074,-1.9,-0.9,-2.8,-0.1,,strawju01
435,Max Strus,28,CLE,SF,3,0,65,6.5,.471,.824,.000,5.3,13.3,9.4,9.1,0.7,0.0,5.6,11.9,0.0,0.1,0.1,.066,-4.6,-2.0,-6.6,-0.1,,strusma01
436,Jalen Suggs,23,ORL,PG,32,32,940,14.5,.538,.500,.231,2.6,14.4,8.3,21.7,2.4,3.2,16.3,27.1,-0.4,1.8,1.4,.071,-0.5,1.3,0.8,0.7,,suggsja01
437,Cole Swider,25,DET,SF,2,0,13,-11.3,.000,1.000,.000,0.0,17.2,8.6,9.0,0.0,0.0,0.0,16.4,-0.1,0.0,-0.1,-0.340,-14.5,-6.3,-20.8,-0.1,,swideco01
438,Jae'Sean Tate,29,HOU,SF,15,0,125,15.2,.596,.189,.459,6.5,21.0,13.7,11.5,3.5,0.0,15.2,17.3,0.2,0.3,0.4,.171,-3.5,3.1,-0.4,0.1,,tateja01
439,Jayson Tatum,26,BOS,PF,29,29,1061,24.0,.609,.519,.350,1.9,26.6,14.2,25.2,1.7,1.2,10.5,30.7,3.0,1.7,4.7,.212,5.8,1.2,7.0,2.4,,tatumja01
440,Garrett Temple,38,TOR,SG,11,0,47,3.8,.250,.500,.000,2.3,18.7,10.4,18.0,4.1,2.0,28.6,12.3,-0.1,0.1,-0.1,-0.075,-7.5,2.7,-4.9,0.0,,templga01
441,Dalen Terry,22,CHI,SG,29,1,390,8.7,.582,.360,.337,5.2,6.1,5.7,9.1,1.9,1.8,19.7,13.6,0.1,0.2,0.3,.033,-4.0,-0.4,-4.4,-0.2,,terryda01
442,Daniel Theis,32,NOP,C,22,7,323,11.6,.527,.314,.286,6.4,22.2,13.9,14.5,1.4,3.8,15.1,12.0,0.2,0.2,0.4,.062,-3.8,0.2,-3.6,-0.1,,theisda01
443,Cam Thomas,23,BRK,SG,18,17,592,18.3,.603,.422,.390,1.4,11.1,6.1,19.5,1.0,0.2,11.9,31.4,0.8,0.2,1.0,.084,2.7,-2.2,0.5,0.4,,thomaca02
444,Amen Thompson,22,HOU,SF,32,5,891,17.3,.609,.158,.406,9.1,17.5,13.2,11.5,1.9,3.5,15.8,17.2,1.3,1.8,3.1,.169,0.5,2.2,2.7,1.0,,thompam01
445,Ausar Thompson,22,DET,SF,12,3,209,13.3,.518,.200,.225,9.1,17.7,13.4,15.8,2.6,1.8,15.4,21.2,0.0,0.2,0.2,.051,-3.8,0.1,-3.7,-0.1,,thompau01
446,Klay Thompson,34,DAL,SF,28,28,774,13.6,.557,.648,.085,2.5,10.7,6.7,9.7,1.7,1.3,8.5,21.3,0.6,0.7,1.3,.083,1.1,-0.8,0.3,0.5,,thompkl01
447,Tristan Thompson,33,CLE,PF,12,0,90,9.4,.452,.037,.519,10.1,28.7,19.7,5.6,0.0,4.1,13.1,18.3,-0.1,0.1,0.0,.020,-6.2,-1.8,-8.0,-0.1,,thomptr01
448,JT Thor,22,CLE,PF,4,0,21,45.1,1.081,.375,.750,5.4,10.3,7.9,0.0,4.6,13.1,15.8,25.9,0.1,0.1,0.2,.453,12.3,7.6,19.9,0.1,,thorjt01
449,Xavier Tillman Sr.,26,BOS,C,20,1,159,3.5,.321,.543,.057,5.4,17.8,11.5,4.7,1.5,1.7,14.3,11.3,-0.3,0.2,-0.1,-0.021,-6.8,-0.6,-7.4,-0.2,,tillmxa01
450,Jacob Toppin,24,NYK,SF,8,0,22,1.4,.333,.667,.000,0.0,15.2,7.9,10.6,0.0,0.0,25.0,8.0,0.0,0.0,0.0,-0.044,-6.4,-1.5,-7.9,0.0,,toppija01
451,Obi Toppin,26,IND,PF,30,0,598,19.2,.662,.477,.162,4.1,18.7,11.6,12.8,1.9,1.7,7.4,18.7,1.5,0.5,2.0,.159,2.7,0.1,2.8,0.7,,toppiob01
452,Karl-Anthony Towns,29,NYK,C,30,30,1027,25.8,.660,.312,.360,9.9,34.6,22.8,15.2,1.2,2.6,12.4,27.2,3.5,1.6,5.1,.240,4.8,0.3,5.2,1.9,,townska01
453,Armel Traoré,22,LAL,SF,8,0,61,2.8,.285,.389,.389,1.9,23.8,12.9,2.2,3.2,3.0,8.7,16.6,-0.2,0.1,-0.1,-0.116,-10.2,-0.7,-10.9,-0.1,,armeltr01
454,Luke Travers,23,CLE,SG,6,0,42,8.0,.508,.429,.286,2.7,12.8,7.9,13.8,1.1,2.2,20.2,10.1,0.0,0.0,0.1,.068,-5.2,-0.5,-5.7,0.0,,travelu01
455,Gary Trent Jr.,26,MIL,SG,28,7,697,9.5,.568,.641,.118,0.8,8.7,4.9,5.0,1.9,0.1,7.6,15.8,0.2,0.6,0.8,.057,-3.2,-0.3,-3.5,-0.3,,trentga02
456,Oscar Tshiebwe,25,UTA,PF,1,0,16,18.1,.852,,,21.3,40.9,31.3,0.0,6.0,0.0,36.2,7.2,0.0,0.0,0.1,.204,-3.4,2.7,-0.7,0.0,,tshieos01
457,Myles Turner,28,IND,C,31,31,969,14.5,.598,.443,.272,4.9,20.4,12.8,7.1,1.2,6.2,15.7,20.6,0.2,1.0,1.1,.056,-1.4,-0.1,-1.5,0.1,,turnemy01
458,Hunter Tyson,24,DEN,PF,20,0,192,9.7,.607,.548,.357,5.4,16.6,11.2,7.0,1.0,1.4,15.6,12.6,0.2,0.1,0.3,.075,-3.1,-1.1,-4.2,-0.1,,tysonhu01
459,Jaylon Tyson,22,CLE,SG,18,1,141,9.0,.531,.361,.222,9.7,13.0,11.4,11.3,1.7,0.0,18.5,14.8,0.1,0.2,0.2,.074,-4.4,-0.7,-5.1,-0.1,,tysonja01
460,Stanley Umude,25,MIL,SG,8,0,26,5.3,.255,.800,.400,0.0,24.4,12.6,9.5,1.9,3.6,0.0,9.9,0.0,0.0,0.0,-0.013,-5.5,1.7,-3.8,0.0,,umudest01
461,Jonas Valančiūnas,32,WAS,C,29,7,577,21.7,.604,.069,.262,11.7,30.3,21.0,19.2,1.1,3.6,15.3,23.5,0.9,0.5,1.5,.122,1.8,0.0,1.8,0.6,,valanjo01
462,Fred VanVleet,30,HOU,PG,30,30,1054,14.2,.502,.562,.173,2.4,11.2,6.7,24.3,2.0,1.4,8.9,19.7,1.3,1.8,3.0,.138,0.4,1.3,1.8,1.0,,vanvlfr01
463,Devin Vassell,24,SAS,SG,17,6,470,15.3,.575,.449,.181,3.0,8.8,5.9,16.6,1.8,1.3,10.0,23.7,0.4,0.4,0.8,.081,0.2,-0.9,-0.7,0.2,,vassede01
464,Gabe Vincent,28,LAL,PG,31,5,586,5.2,.484,.657,.060,1.9,5.9,3.9,6.5,2.0,0.8,12.1,11.7,-0.4,0.3,-0.1,-0.005,-5.7,-0.3,-6.0,-0.6,,vincega01
465,Nikola Vučević,34,CHI,C,31,31,995,22.3,.664,.315,.150,7.1,25.0,16.2,15.9,1.2,1.9,9.5,22.4,2.8,0.8,3.6,.175,4.0,-0.3,3.8,1.5,,vucevni01
466,Tristan Vukcevic,21,WAS,C,1,0,3,-12.0,.000,1.000,.000,0.0,0.0,0.0,0.0,0.0,30.0,0.0,27.7,0.0,0.0,0.0,-0.615,-18.0,-2.3,-20.3,0.0,,vukcetr01
467,Dean Wade,28,CLE,PF,22,13,489,11.9,.550,.862,.211,4.2,18.9,11.8,8.2,2.3,1.9,4.8,11.0,0.6,0.8,1.3,.131,0.2,1.6,1.8,0.5,,wadede01
468,Franz Wagner,23,ORL,SF,25,25,829,22.9,.573,.336,.285,3.1,17.2,9.9,32.4,2.6,1.4,10.3,31.1,1.7,1.5,3.2,.187,4.3,1.8,6.2,1.7,,wagnefr01
469,Moritz Wagner,27,ORL,C,30,1,564,22.4,.649,.301,.442,8.0,23.4,15.3,13.6,2.1,2.1,14.1,26.7,1.1,1.1,2.2,.189,2.9,1.4,4.3,0.9,,wagnemo01
470,Jabari Walker,22,POR,SF,23,1,244,11.0,.503,.288,.205,9.0,23.1,15.8,7.6,1.6,1.2,14.0,15.8,0.0,0.2,0.2,.034,-3.4,-1.3,-4.6,-0.2,,walkeja01
471,Jarace Walker,21,IND,PF,33,1,590,10.6,.563,.543,.238,2.6,18.8,10.9,10.9,2.7,1.6,19.2,16.5,-0.3,0.6,0.3,.026,-2.5,0.4,-2.1,0.0,,walkeja02
472,Cason Wallace,21,OKC,SG,30,18,800,11.1,.505,.482,.037,4.6,8.8,6.7,10.5,3.0,2.9,8.5,11.3,0.5,1.7,2.1,.129,-2.3,2.8,0.5,0.5,,wallaca01
473,Keaton Wallace,25,ATL,PG,16,1,248,8.7,.515,.521,.056,0.9,8.8,4.8,15.7,2.4,2.3,18.9,14.7,-0.1,0.2,0.1,.016,-3.9,0.4,-3.5,-0.1,,wallake01
474,Jordan Walsh,20,BOS,PF,23,1,202,6.2,.421,.763,.211,5.8,10.2,8.0,3.7,1.5,3.5,10.7,9.9,-0.1,0.2,0.2,.040,-4.2,0.3,-3.9,-0.1,,walshjo01
475,Ja'Kobe Walter,20,TOR,SG,17,6,344,9.6,.501,.470,.216,5.0,10.2,7.6,10.6,1.4,1.4,10.4,19.7,0.0,0.1,0.1,.012,-3.3,-1.6,-4.9,-0.2,,walteja01
476,Kel'el Ware,20,MIA,C,15,0,137,15.1,.572,.244,.111,5.6,24.5,15.1,4.6,2.2,6.3,12.9,17.4,0.0,0.3,0.3,.098,-2.3,1.4,-0.9,0.0,,wareke01
477,P.J. Washington,26,DAL,PF,25,24,809,13.4,.558,.401,.235,5.1,20.1,12.8,9.0,1.9,3.0,13.9,16.6,0.4,1.2,1.6,.094,-0.7,0.9,0.2,0.4,,washipj01
478,TyTy Washington Jr.,23,PHO,PG,3,0,27,14.1,.667,.500,.000,0.0,4.1,2.1,20.7,3.7,0.0,14.3,11.5,0.0,0.0,0.1,.114,0.0,1.9,1.8,0.0,,washity02
479,Lindy Waters III,27,GSW,SG,24,8,424,9.1,.492,.720,.038,3.1,12.7,7.7,10.2,1.9,1.1,6.3,14.1,0.1,0.5,0.7,.074,-3.3,0.6,-2.6,-0.1,,waterli01
480,Trendon Watford,24,BRK,PF,13,0,209,12.1,.572,.329,.443,2.2,18.6,10.2,11.6,1.2,2.0,14.5,23.4,0.0,0.2,0.2,.045,-3.8,-0.7,-4.4,-0.1,,watfotr01
481,Peyton Watson,22,DEN,SF,30,12,719,12.4,.588,.321,.332,4.8,10.2,7.6,7.6,1.6,3.5,9.4,14.3,0.9,0.5,1.4,.095,-1.3,-0.2,-1.5,0.1,,watsope01
482,Jaylen Wells,21,MEM,SG,33,28,818,10.9,.574,.525,.176,4.1,8.9,6.5,8.7,0.9,0.6,10.5,17.5,0.8,0.8,1.6,.093,-1.2,-0.9,-2.1,0.0,,wellsja01
483,Victor Wembanyama,21,SAS,C,27,27,894,25.6,.606,.495,.226,6.1,26.1,16.3,20.9,1.5,10.7,14.2,31.8,1.0,1.8,2.8,.149,4.7,3.1,7.8,2.2,,wembavi01
484,Blake Wesley,21,SAS,SG,22,0,250,9.6,.516,.267,.280,2.6,5.5,4.1,24.3,1.8,0.7,20.7,18.3,-0.1,0.2,0.0,.009,-3.9,-1.2,-5.1,-0.2,,weslebl01
485,Russell Westbrook,36,DEN,PG,30,9,785,15.0,.516,.359,.326,4.5,13.5,9.2,32.4,3.0,1.9,19.7,23.2,0.1,0.9,1.0,.059,-0.7,0.5,-0.3,0.3,,westbru01
486,Coby White,24,CHI,SG,30,30,978,13.4,.576,.598,.220,1.2,9.6,5.4,19.3,1.6,0.5,13.3,22.8,0.6,0.4,1.0,.050,-0.7,-1.6,-2.2,-0.1,,whiteco01
487,Derrick White,30,BOS,SG,31,31,1066,16.8,.608,.706,.165,3.1,11.5,7.3,19.4,1.4,2.7,10.8,19.4,2.3,1.3,3.6,.161,2.8,0.5,3.3,1.4,,whitede01
488,Cam Whitmore,20,HOU,SF,14,0,174,16.1,.511,.423,.231,5.9,14.5,10.1,6.7,1.4,1.0,6.5,29.0,0.1,0.3,0.4,.099,0.1,-1.0,-1.0,0.0,,whitmca01
489,Aaron Wiggins,26,OKC,SG,31,9,619,13.7,.557,.479,.101,4.6,12.1,8.4,9.1,2.2,1.3,9.5,18.9,0.4,1.2,1.6,.124,-0.3,0.4,0.0,0.3,,wiggiaa01
490,Andrew Wiggins,29,GSW,SF,27,27,787,16.8,.568,.412,.278,5.6,10.2,7.9,12.2,1.5,2.7,7.3,22.6,1.3,0.9,2.2,.133,2.0,-0.3,1.7,0.7,,wiggian01
491,Alondes Williams,25,DET,SG,1,0,4,55.3,1.250,.500,.000,0.0,0.0,0.0,70.9,0.0,0.0,0.0,21.4,0.0,0.0,0.0,.554,38.0,5.9,44.0,0.0,,willial06
492,Brandon Williams,25,DAL,PG,5,0,21,-2.2,.291,.222,.333,5.3,15.0,10.3,12.0,0.0,0.0,16.2,25.0,-0.1,0.0,-0.1,-0.221,-11.4,-3.5,-14.9,-0.1,,willibr03
493,Cody Williams,20,UTA,SG,18,8,347,3.2,.378,.527,.162,3.3,10.4,6.9,8.1,1.0,1.6,15.0,11.3,-0.4,0.0,-0.4,-0.061,-6.0,-1.3,-7.3,-0.5,,willico04
494,Grant Williams,26,CHO,PF,16,7,479,11.8,.596,.602,.301,3.9,15.1,9.3,11.4,1.9,2.7,16.7,14.8,0.4,0.4,0.8,.082,-2.1,0.5,-1.6,0.1,,willigr01
495,Jalen Williams,23,OKC,SG,31,31,998,20.5,.562,.299,.187,3.2,15.9,9.6,24.9,2.6,2.2,10.7,27.9,1.3,2.2,3.6,.172,2.6,1.9,4.5,1.6,,willija06
496,Jaylin Williams,22,OKC,PF,4,0,50,17.2,.667,.867,.000,6.3,12.4,9.4,26.4,1.0,2.0,11.8,14.5,0.2,0.1,0.3,.241,4.0,2.7,6.7,0.1,,willija07
497,Jeenathan Williams,25,HOU,SG,3,0,10,31.7,.875,.500,.000,0.0,31.6,15.6,0.0,4.8,0.0,0.0,16.4,0.0,0.0,0.1,.352,5.5,7.3,12.9,0.0,,willije02
498,Kenrich Williams,30,OKC,PF,21,0,280,20.3,.698,.505,.108,7.2,18.5,12.9,11.6,2.4,1.5,5.8,15.7,0.9,0.6,1.6,.270,2.8,2.1,4.9,0.5,,willike04
499,Mark Williams,23,CHO,C,9,6,151,29.3,.645,.000,.358,13.8,29.9,21.5,24.2,1.3,4.7,6.1,23.1,0.7,0.2,0.9,.286,5.8,1.7,7.5,0.4,,willima07
500,Patrick Williams,23,CHI,PF,22,21,592,10.3,.525,.531,.158,3.4,13.7,8.6,10.8,1.6,1.9,13.6,17.1,-0.1,0.4,0.2,.018,-1.8,-0.5,-2.3,0.0,,willipa01
501,Robert Williams,27,POR,C,10,1,171,24.6,.786,.048,.310,11.0,23.1,16.8,10.8,2.3,7.7,14.4,13.5,0.6,0.2,0.8,.224,3.4,2.4,5.8,0.3,,williro04
502,Vince Williams Jr.,24,MEM,SG,3,0,45,3.7,.385,.421,.211,9.5,15.7,12.7,25.5,0.0,4.0,25.2,24.4,-0.2,0.1,-0.1,-0.100,-7.2,-0.1,-7.3,-0.1,,willivi01
503,Ziaire Williams,23,BRK,SF,21,7,459,11.0,.507,.415,.277,5.5,18.5,11.9,8.1,2.2,1.6,9.6,19.0,0.0,0.4,0.4,.044,-3.6,-0.2,-3.9,-0.2,,willizi02
504,Zion Williamson,24,NOP,PF,6,6,186,19.7,.521,.058,.577,8.9,19.6,14.0,30.3,1.0,3.5,14.4,34.3,0.0,0.1,0.1,.025,0.4,-1.6,-1.1,0.0,,willizi01
505,Jalen Wilson,24,BRK,PF,31,7,816,9.1,.538,.561,.249,4.1,11.2,7.5,10.6,1.0,0.1,10.2,15.9,0.4,0.3,0.7,.042,-2.3,-1.3,-3.6,-0.3,,wilsoja03
506,James Wiseman,23,IND,C,1,0,5,32.2,.615,.250,.500,0.0,22.2,11.3,0.0,0.0,0.0,0.0,42.5,0.0,0.0,0.0,.232,5.8,-5.2,0.7,0.0,,wisemja01
507,Isaiah Wong,24,CHO,SG,9,0,126,13.1,.495,.306,.490,8.3,8.1,8.2,21.1,2.0,0.0,13.1,23.0,0.1,0.1,0.1,.048,-1.6,-1.1,-2.8,0.0,,wongis01
508,Delon Wright,32,MIL,PG,22,2,366,7.8,.400,.600,.200,4.6,7.8,6.3,14.5,2.5,1.5,14.6,10.7,-0.1,0.4,0.3,.036,-4.1,1.1,-3.0,-0.1,,wrighde01
509,Guerschon Yabusele,29,PHI,PF,29,10,682,14.6,.613,.529,.255,8.0,18.2,12.8,12.0,1.6,1.7,14.3,17.1,0.9,0.7,1.6,.112,-0.1,-0.2,-0.3,0.3,,yabusgu01
510,Trae Young,26,ATL,PG,31,31,1115,18.0,.557,.502,.395,1.7,9.1,5.4,48.0,1.7,0.5,18.5,27.4,1.9,0.6,2.5,.107,2.8,-2.3,0.4,0.7,,youngtr01
511,Ivica Zubac,27,LAC,C,31,31,1011,20.3,.612,.000,.254,13.5,29.4,21.5,12.3,1.1,3.5,13.3,19.0,1.9,1.8,3.7,.177,1.2,0.5,1.7,0.9,,zubaciv01
,League Average,,,,,,,,.574,.424,.248,4.9,15.1,10.0,16.3,1.7,2.0,12.5,19.9,,,,,,,,,,-9999