Rk,Player,Age,Team,Pos,G,GS,MP,FG,FGA,FG%,3P,3PA,3P%,2P,2PA,2P%,eFG%,FT,FTA,FT%,ORB,DRB,TRB,AST,STL,BLK,TOV,PF,PTS,Awards,Player▲-additional
1,Precious Achiuwa,25,NYK,PF,11,1,19.5,2.0,4.5,.449,0.3,0.9,.300,1.7,3.5,.487,.480,0.7,1.4,.533,2.4,4.6,7.0,1.4,0.7,0.8,1.1,1.4,5.0,,achiupr01
2,Steven Adams,31,HOU,C,18,0,10.3,0.9,1.6,.607,0.0,0.0,,0.9,1.6,.607,.607,0.6,1.5,.370,1.6,2.1,3.7,1.1,0.3,0.2,1.2,1.1,2.4,,adamsst01
3,Bam Adebayo,27,MIA,C,29,29,34.9,6.2,13.8,.454,0.8,2.7,.291,5.4,11.0,.494,.482,3.0,4.2,.719,2.4,7.5,9.9,4.8,1.4,0.9,2.1,2.1,16.3,,adebaba01
4,Ochai Agbaji,24,TOR,SG,31,29,30.5,4.6,9.0,.516,1.7,4.1,.417,2.9,4.9,.599,.611,0.5,0.8,.654,0.9,3.1,4.0,1.8,0.9,0.5,0.8,2.3,11.5,,agbajoc01
5,Santi Aldama,24,MEM,PF,31,11,25.7,5.1,10.0,.508,1.7,4.5,.388,3.4,5.5,.605,.595,1.1,1.4,.767,1.5,5.7,7.3,3.0,0.9,0.5,1.2,1.0,13.0,,aldamsa01
6,Trey Alexander,21,DEN,SG,10,0,4.8,0.3,1.2,.250,0.1,0.6,.167,0.2,0.6,.333,.292,0.2,0.2,1.000,0.0,0.1,0.1,0.3,0.0,0.1,0.1,0.3,0.9,,alexatr01
7,Nickeil Alexander-Walker,26,MIN,SG,30,2,23.6,3.5,7.0,.498,1.7,3.9,.432,1.8,3.0,.582,.620,0.9,1.1,.765,0.6,2.2,2.8,2.5,0.9,0.3,1.3,1.6,9.5,,alexani01
8,Grayson Allen,29,PHO,SG,23,1,23.9,3.2,8.0,.404,2.2,5.8,.376,1.0,2.2,.480,.541,1.8,2.2,.840,0.7,2.5,3.2,1.8,0.9,0.3,1.0,1.5,10.4,,allengr01
9,Jarrett Allen,26,CLE,C,31,31,29.3,5.4,7.8,.687,0.0,0.0,.000,5.4,7.8,.690,.687,2.5,3.4,.736,2.3,7.7,10.0,1.9,1.0,0.8,1.1,1.2,13.3,,allenja01
10,Jose Alvarado,26,NOP,PG,11,7,25.6,3.6,9.2,.396,2.2,5.5,.400,1.5,3.7,.390,.515,1.3,1.5,.824,0.5,1.6,2.2,4.5,1.5,0.3,1.3,2.4,10.7,,alvarjo01
11,Kyle Anderson,31,GSW,PF,26,2,14.5,2.0,4.7,.415,0.6,1.6,.357,1.4,3.1,.444,.476,0.5,0.8,.650,0.6,2.4,3.0,2.2,0.8,0.5,0.5,1.1,5.0,,anderky01
12,Giannis Antetokounmpo,30,MIL,PF,24,24,35.0,12.8,20.9,.613,0.2,0.8,.222,12.6,20.1,.627,.617,7.0,11.3,.614,2.0,9.6,11.6,6.0,0.7,1.5,3.4,2.3,32.7,,antetgi01
13,Cole Anthony,24,ORL,PG,30,0,11.7,2.2,5.5,.396,0.7,2.2,.299,1.5,3.2,.464,.457,1.1,1.4,.780,0.4,1.8,2.2,2.2,0.4,0.2,1.5,1.6,6.1,,anthoco01
14,OG Anunoby,27,NYK,PF,32,32,36.4,6.2,13.1,.475,2.1,5.9,.351,4.2,7.2,.576,.554,1.8,2.3,.795,1.2,3.8,5.0,2.0,1.5,1.0,1.3,2.5,16.3,,anunoog01
15,Deni Avdija,24,POR,SF,31,13,26.6,4.3,9.7,.447,1.4,4.0,.358,2.9,5.7,.508,.520,3.2,4.1,.781,1.3,4.5,5.8,3.2,0.9,0.7,2.1,2.2,13.3,,avdijde01
16,Deandre Ayton,26,POR,C,22,22,30.5,6.9,12.2,.561,0.3,1.1,.250,6.6,11.1,.592,.572,0.8,1.3,.643,3.0,7.4,10.4,1.4,1.0,1.0,1.7,2.4,14.8,,aytonde01
17,Marvin Bagley III,25,WAS,C,19,1,8.7,2.0,3.7,.535,0.1,0.5,.200,1.9,3.2,.590,.549,0.8,1.2,.652,1.4,1.5,2.9,0.4,0.4,0.3,0.6,0.6,4.9,,baglema01
18,Patrick Baldwin Jr.,22,WAS,SF,13,0,4.5,0.8,1.5,.500,0.4,0.8,.455,0.4,0.7,.556,.625,0.2,0.3,.500,0.2,0.7,0.9,0.1,0.2,0.2,0.2,0.3,2.1,,baldwpa01
19,LaMelo Ball,23,CHO,PG,22,22,33.7,10.5,24.6,.425,4.5,13.0,.346,6.0,11.6,.514,.517,4.7,5.5,.844,0.9,4.5,5.3,7.4,1.3,0.2,4.1,3.7,30.1,,ballla01
20,Lonzo Ball,27,CHI,PG,13,0,17.6,1.8,5.3,.333,1.4,4.4,.316,0.4,0.9,.417,.464,0.5,0.5,1.000,0.3,2.8,3.1,3.5,1.1,0.5,1.1,1.3,5.5,,balllo01
21,Mo Bamba,26,LAC,C,16,0,12.8,1.4,3.6,.397,0.4,1.7,.222,1.1,1.9,.548,.448,0.6,0.8,.692,0.7,3.1,3.8,0.7,0.5,1.2,0.6,2.1,3.8,,bambamo01
22,Paolo Banchero,22,ORL,PF,5,5,36.4,9.6,19.4,.495,2.2,6.4,.344,7.4,13.0,.569,.552,7.6,11.8,.644,2.4,6.4,8.8,5.6,0.6,0.8,2.2,2.6,29.0,,banchpa01
23,Desmond Bane,26,MEM,SG,24,23,28.2,5.7,12.3,.463,2.0,5.7,.353,3.7,6.7,.556,.544,2.0,2.3,.857,0.8,5.0,5.8,4.8,1.2,0.5,2.2,2.6,15.4,,banede01
24,Dalano Banton,25,POR,PG,25,0,16.5,3.4,8.1,.421,1.2,3.5,.356,2.2,4.6,.470,.498,1.5,2.2,.661,0.4,1.9,2.2,2.6,0.9,0.5,1.7,1.1,9.5,,bantoda01
25,Dominick Barlow,21,ATL,SF,3,0,5.3,0.3,0.7,.500,0.3,0.3,1.000,0.0,0.3,.000,.750,0.3,0.7,.500,0.0,0.3,0.3,0.0,0.3,0.0,0.0,0.7,1.3,,barlodo01
26,Harrison Barnes,32,SAS,PF,31,31,27.5,3.4,7.3,.467,1.4,3.4,.400,2.0,3.9,.525,.560,2.1,2.7,.786,1.5,2.3,3.8,1.5,0.3,0.2,0.7,0.8,10.3,,barneha02
27,Scottie Barnes,23,TOR,PF,18,18,34.0,7.4,16.4,.449,1.7,5.9,.283,5.7,10.6,.542,.500,3.6,4.9,.727,1.8,5.9,7.8,7.2,1.3,0.7,3.5,2.4,20.0,,barnesc01
28,RJ Barrett,24,TOR,SG,26,26,34.3,8.6,18.7,.461,2.0,5.6,.349,6.7,13.1,.509,.513,4.5,6.2,.725,1.0,5.8,6.8,6.3,0.7,0.4,3.4,2.5,23.7,,barrerj01
29,Charles Bassey,24,SAS,C,20,0,11.0,2.2,3.8,.573,0.0,0.0,,2.2,3.8,.573,.573,0.7,1.2,.565,1.6,2.8,4.4,0.5,0.4,1.1,0.8,1.4,5.0,,bassech01
30,Jamison Battle,23,TOR,SF,28,0,14.0,2.1,4.4,.476,1.4,3.3,.419,0.7,1.1,.645,.633,0.4,0.5,.857,0.6,1.4,1.9,1.0,0.1,0.1,0.4,1.2,6.0,,battlja01
31,Nicolas Batum,36,LAC,PF,31,1,18.5,1.2,3.1,.385,1.0,2.5,.385,0.2,0.6,.389,.542,0.3,0.4,.769,0.7,2.1,2.8,1.6,0.5,0.5,0.5,1.4,3.7,,batumni01
32,Bradley Beal,31,PHO,SG,21,21,34.4,7.4,15.0,.494,2.3,6.0,.389,5.1,9.0,.563,.571,1.8,2.3,.771,0.8,3.1,3.9,3.1,1.2,0.8,2.3,2.8,19.0,,bealbr01
33,Malik Beasley,28,DET,SG,32,8,28.2,5.8,13.5,.434,3.9,9.3,.418,1.9,4.1,.470,.579,1.1,1.5,.708,0.6,2.5,3.0,1.9,0.8,0.1,1.0,1.3,16.7,,beaslma01
34,MarJon Beauchamp,24,MIL,SF,14,0,3.8,0.6,1.6,.409,0.2,0.8,.273,0.4,0.8,.545,.477,0.4,0.4,.833,0.1,0.8,0.9,0.1,0.1,0.0,0.8,0.3,1.9,,beaucma01
35,Reece Beekman,23,2TM,PG,6,0,3.8,0.2,0.7,.250,0.0,0.3,.000,0.2,0.3,.500,.250,0.0,0.0,,0.2,0.0,0.2,0.3,0.2,0.0,0.3,0.5,0.3,,beekmre01
36,Goga Bitadze,25,ORL,C,28,25,24.4,4.1,6.3,.648,0.0,0.5,.077,4.0,5.8,.693,.651,1.4,1.9,.755,3.0,5.4,8.4,2.0,0.9,1.7,1.5,2.5,9.6,,bitadgo01
37,Anthony Black,21,ORL,PG,33,3,24.0,3.0,7.2,.412,0.6,2.4,.266,2.3,4.8,.484,.456,1.9,2.6,.753,0.6,2.1,2.7,3.5,0.9,0.7,2.2,2.3,8.5,,blackan01
38,Bogdan Bogdanović,32,ATL,SG,14,0,25.4,3.9,9.5,.406,2.1,6.4,.337,1.7,3.1,.545,.519,1.4,1.5,.952,0.6,2.5,3.1,2.2,0.9,0.3,1.8,2.6,11.3,,bogdabo01
39,Bol Bol,25,PHO,PF,7,0,5.3,1.3,2.1,.600,0.1,0.7,.200,1.1,1.4,.800,.633,0.6,0.9,.667,0.6,1.0,1.6,0.1,0.0,0.0,0.4,0.1,3.3,,bolbo01
40,Adem Bona,21,PHI,C,15,0,6.8,0.6,0.9,.643,0.0,0.0,,0.6,0.9,.643,.643,0.4,0.5,.857,0.6,1.2,1.8,0.1,0.0,0.4,0.4,1.1,1.6,,bonaad01
41,Devin Booker,28,PHO,SG,26,26,36.6,8.0,18.2,.439,2.7,7.7,.345,5.3,10.5,.507,.512,6.5,7.2,.899,1.2,2.5,3.7,6.4,1.1,0.3,2.3,2.2,25.1,,bookede01
42,Brandon Boston Jr.,23,NOP,SG,29,10,25.8,4.4,10.0,.443,1.3,3.7,.349,3.1,6.3,.497,.507,1.7,2.1,.803,0.6,2.8,3.4,2.8,1.5,0.2,1.4,1.8,11.8,,bostobr01
43,Chris Boucher,32,TOR,PF,28,0,18.3,3.8,8.0,.467,1.2,3.9,.303,2.6,4.1,.621,.540,1.6,2.1,.767,1.4,3.0,4.5,0.7,0.6,0.7,0.8,1.5,10.3,,bouchch01
44,Malaki Branham,21,SAS,SG,21,0,12.1,2.1,4.8,.436,0.8,2.1,.386,1.3,2.7,.474,.520,0.8,1.0,.850,0.1,1.3,1.4,1.2,0.3,0.1,1.2,0.7,5.8,,branhma01
45,Christian Braun,23,DEN,SG,29,29,33.7,5.3,9.6,.550,1.0,2.6,.373,4.3,7.0,.616,.601,2.4,3.0,.795,1.3,3.6,4.9,2.0,1.3,0.6,1.2,2.2,13.9,,braunch01
46,Jalen Bridges,23,PHO,SF,4,0,4.3,0.0,0.8,.000,0.0,0.8,.000,0.0,0.0,,.000,0.3,0.5,.500,0.0,0.8,0.8,0.0,0.0,0.0,0.5,0.0,0.3,,bridgja01
47,Mikal Bridges,28,NYK,SF,32,32,39.2,7.5,14.8,.504,2.5,6.7,.367,5.0,8.1,.618,.588,0.8,1.1,.714,0.9,2.4,3.3,3.3,1.2,0.5,1.6,1.4,18.2,,bridgmi01
48,Miles Bridges,26,CHO,PF,18,18,30.3,6.1,14.4,.423,1.9,6.5,.291,4.2,7.9,.531,.488,3.1,3.5,.889,0.9,6.6,7.4,3.3,0.6,0.7,1.8,1.3,17.2,,bridgmi02
49,Malcolm Brogdon,32,WAS,PG,14,11,25.1,5.0,11.0,.455,1.0,2.9,.350,4.0,8.1,.491,.500,3.2,3.8,.849,0.9,3.1,4.1,3.6,0.6,0.3,1.9,1.7,14.2,,brogdma01
50,Dillon Brooks,29,HOU,SF,28,28,31.6,4.9,11.5,.430,2.3,5.9,.384,2.7,5.6,.478,.528,1.5,1.8,.860,1.3,2.7,4.0,1.6,0.7,0.3,1.1,3.4,13.6,,brookdi01
51,Jaylen Brown,28,BOS,SF,26,26,35.7,8.9,19.6,.455,2.4,7.2,.335,6.5,12.4,.525,.517,4.3,5.9,.739,1.5,4.5,6.0,4.6,1.4,0.3,2.8,2.4,24.6,,brownja02
52,Kobe Brown,25,LAC,PF,7,0,6.7,1.3,2.9,.450,0.1,0.9,.167,1.1,2.0,.571,.475,0.1,0.3,.500,0.7,1.6,2.3,0.6,0.1,0.0,0.0,0.7,2.9,,brownko01
53,Moses Brown,25,IND,C,9,0,5.1,1.4,2.2,.650,0.0,0.0,,1.4,2.2,.650,.650,0.3,0.6,.600,0.4,1.0,1.4,0.0,0.2,0.1,0.7,0.7,3.2,,brownmo01
54,Jalen Brunson,28,NYK,PG,32,32,34.9,8.7,17.8,.487,2.6,6.3,.410,6.1,11.5,.528,.559,5.6,6.8,.821,0.4,2.5,3.0,7.7,0.8,0.1,2.4,2.3,25.5,,brunsja01
55,Thomas Bryant,27,2TM,C,16,0,11.4,1.4,3.1,.469,0.7,1.8,.379,0.8,1.3,.600,.582,0.8,0.8,1.000,0.7,2.6,3.3,0.4,0.3,0.8,0.3,0.8,4.4,,bryanth01
56,Kobe Bufkin,21,ATL,SG,10,0,12.4,1.8,4.7,.383,0.4,1.9,.211,1.4,2.8,.500,.426,1.3,1.8,.722,0.5,1.6,2.1,1.7,0.3,0.2,0.8,0.9,5.3,,bufkiko01
57,Alec Burks,33,MIA,SG,15,0,17.1,2.1,4.5,.471,1.5,3.1,.489,0.6,1.4,.429,.640,1.0,1.3,.789,0.4,1.8,2.2,1.2,0.7,0.3,0.2,0.7,6.8,,burksal01
58,Jared Butler,24,WAS,SG,20,0,11.0,2.3,5.1,.455,0.4,1.3,.280,2.0,3.8,.513,.490,0.9,1.2,.739,0.3,0.7,1.0,2.5,0.4,0.1,0.9,1.2,5.8,,butleja02
59,Jimmy Butler,35,MIA,PF,20,20,31.4,6.1,11.1,.552,0.5,1.4,.357,5.6,9.7,.580,.575,5.8,7.4,.782,2.6,3.2,5.8,4.9,1.3,0.4,1.3,1.0,18.5,,butleji01
60,Matas Buzelis,20,CHI,SF,30,0,13.1,1.8,4.8,.372,0.8,2.5,.338,1.0,2.4,.408,.459,0.7,0.9,.786,0.6,2.1,2.6,0.6,0.3,0.8,0.6,1.4,5.2,,buzelma01
61,Jamal Cain,25,NOP,SF,16,0,14.1,1.6,3.4,.455,0.6,1.8,.321,1.0,1.7,.593,.536,0.6,1.0,.625,0.9,1.9,2.8,0.6,0.5,0.4,0.4,1.3,4.3,,cainja01
62,Kentavious Caldwell-Pope,31,ORL,SG,32,32,30.8,3.0,7.4,.401,1.4,4.8,.297,1.5,2.6,.598,.498,1.4,1.6,.920,0.3,1.7,2.1,1.9,1.6,0.6,0.8,2.1,8.8,,caldwke01
63,Toumani Camara,24,POR,PF,30,30,30.5,3.3,7.8,.419,1.5,4.2,.346,1.8,3.6,.505,.513,0.7,1.0,.733,2.2,3.4,5.6,1.9,1.3,0.5,1.5,2.8,8.7,,camarto01
64,Vlatko Čančar,27,DEN,PF,4,0,8.5,1.0,1.8,.571,0.3,0.5,.500,0.8,1.3,.600,.643,0.0,0.0,,0.8,1.3,2.0,0.0,0.0,0.3,0.5,1.0,2.3,,cancavl01
65,Clint Capela,30,ATL,C,32,32,22.9,4.3,7.5,.577,0.0,0.0,,4.3,7.5,.577,.577,1.0,1.8,.525,3.4,5.7,9.1,1.3,0.6,1.0,0.9,1.9,9.6,,capelca01
66,Branden Carlson,25,OKC,C,5,0,3.6,0.2,1.4,.143,0.0,1.0,.000,0.2,0.4,.500,.143,0.4,0.4,1.000,0.6,1.0,1.6,0.4,0.2,0.2,0.0,0.2,0.8,,carlsbr01
67,Carlton Carrington,19,WAS,PG,29,20,29.8,3.4,8.5,.401,1.5,4.4,.336,1.9,4.1,.471,.488,0.8,0.9,.815,0.3,3.9,4.3,3.8,0.8,0.2,1.9,3.0,9.1,,carrica01
68,Jevon Carter,29,CHI,PG,15,0,6.9,1.3,2.9,.432,0.8,2.0,.400,0.5,0.9,.500,.568,0.2,0.3,.750,0.1,0.8,0.9,0.9,0.3,0.0,0.4,0.3,3.5,,carteje01
69,Wendell Carter Jr.,25,ORL,C,20,17,24.6,2.4,5.4,.449,0.4,2.0,.179,2.1,3.4,.603,.481,1.9,2.6,.745,1.7,5.6,7.2,2.3,0.7,0.7,0.7,2.5,7.1,,cartewe01
70,D.J. Carton,24,TOR,SG,4,0,8.3,0.3,1.8,.143,0.0,0.8,.000,0.3,1.0,.250,.143,0.3,0.3,1.000,0.0,1.0,1.0,0.8,0.5,0.0,1.0,0.3,0.8,,cartodj01
71,Alex Caruso,30,OKC,SG,20,0,19.9,2.2,5.7,.377,0.9,3.3,.262,1.3,2.5,.531,.452,0.4,0.5,.778,0.6,2.3,2.9,2.5,1.9,0.6,0.8,2.0,5.5,,carusal01
72,Stephon Castle,20,SAS,PG,30,17,25.7,4.0,10.3,.384,1.0,3.8,.270,2.9,6.5,.451,.434,2.3,3.2,.708,0.7,1.9,2.6,3.7,0.9,0.3,1.8,1.7,11.2,,castlst01
73,Colin Castleton,24,MEM,C,8,0,2.8,0.1,0.5,.250,0.0,0.3,.000,0.1,0.3,.500,.250,1.0,1.0,1.000,0.3,0.6,0.9,0.0,0.0,0.1,0.0,0.4,1.3,,castlco01
74,Julian Champagnie,23,SAS,SF,31,26,28.9,4.3,9.9,.436,2.7,7.3,.373,1.6,2.6,.610,.573,1.2,1.3,.902,0.7,4.2,4.9,1.4,0.9,0.5,1.1,1.6,12.5,,champju02
75,Justin Champagnie,23,WAS,SF,12,9,25.9,4.5,7.8,.574,1.4,3.5,.405,3.1,4.3,.712,.665,0.8,1.2,.643,2.6,4.3,6.9,1.2,1.3,0.8,1.2,2.3,11.2,,champju01
76,Ulrich Chomche,19,TOR,PF,3,0,4.7,0.3,0.7,.500,0.0,0.0,,0.3,0.7,.500,.500,0.0,0.0,,0.7,0.7,1.3,0.3,0.0,0.0,0.7,0.7,0.7,,chomcul01
77,Cam Christie,19,LAC,SG,1,0,18.0,2.0,7.0,.286,1.0,4.0,.250,1.0,3.0,.333,.357,0.0,0.0,,1.0,2.0,3.0,0.0,2.0,0.0,1.0,0.0,5.0,,chrisca02
78,Max Christie,21,LAL,SG,30,9,21.8,2.2,5.1,.438,0.9,2.5,.360,1.3,2.6,.513,.526,1.8,2.1,.873,0.7,1.6,2.3,1.2,0.9,0.4,0.7,1.6,7.2,,chrisma02
79,Josh Christopher,23,MIA,SG,1,0,2.0,0.0,1.0,.000,0.0,1.0,.000,0.0,0.0,,.000,0.0,0.0,,0.0,0.0,0.0,0.0,0.0,0.0,1.0,0.0,0.0,,chrisjo01
80,Sidy Cissoko,20,SAS,SF,12,0,3.0,0.4,0.9,.455,0.3,0.4,.600,0.2,0.5,.333,.591,0.0,0.3,.000,0.2,0.5,0.7,0.4,0.0,0.0,0.1,0.4,1.1,,cissosi01
81,Brandon Clarke,28,MEM,PF,31,17,18.4,3.3,5.5,.606,0.0,0.5,.063,3.3,5.0,.662,.609,0.6,1.0,.613,1.7,3.4,5.1,1.0,0.8,0.5,0.5,2.2,7.3,,clarkbr01
82,Jordan Clarkson,32,UTA,SG,19,3,26.3,5.4,13.2,.410,1.8,5.7,.324,3.6,7.5,.476,.480,3.2,3.9,.811,0.6,2.8,3.4,4.1,0.9,0.3,2.4,1.6,15.8,,clarkjo01
83,Nic Claxton,25,BRK,C,25,17,25.4,4.2,7.4,.568,0.0,0.3,.125,4.2,7.1,.588,.570,1.1,2.2,.509,2.0,5.5,7.5,2.0,0.9,1.2,1.3,2.2,9.6,,claxtni01
84,Donovan Clingan,20,POR,C,24,7,16.2,2.4,4.5,.528,0.2,0.7,.313,2.2,3.8,.565,.551,0.8,1.0,.750,2.9,3.5,6.3,0.5,0.5,1.7,1.2,2.8,5.7,,clingdo01
85,Noah Clowney,20,BRK,PF,22,4,19.7,2.9,7.1,.408,1.9,5.0,.382,1.0,2.1,.468,.541,1.0,1.2,.778,1.0,2.8,3.7,0.8,0.3,0.5,0.8,2.9,8.7,,clownno01
86,Amir Coffey,27,LAC,SG,30,8,24.5,3.5,7.2,.491,1.6,3.8,.430,1.9,3.4,.559,.604,1.3,1.6,.833,0.5,2.1,2.6,1.2,0.5,0.1,0.7,1.6,10.0,,coffeam01
87,Isaiah Collier,20,UTA,PG,22,2,17.5,1.2,4.0,.303,0.2,1.5,.147,1.0,2.5,.400,.331,0.4,0.9,.421,0.2,1.9,2.1,3.4,0.7,0.2,2.5,1.8,3.0,,colliis01
88,John Collins,27,UTA,PF,26,17,30.0,6.5,12.3,.523,1.4,3.3,.424,5.1,9.1,.559,.579,3.4,3.9,.871,2.2,6.0,8.2,2.5,1.1,0.8,2.6,2.9,17.7,,collijo01
89,Zach Collins,27,SAS,C,24,4,14.2,2.1,4.4,.476,0.5,1.5,.333,1.6,2.9,.551,.533,1.2,1.3,.875,1.2,2.2,3.3,1.8,0.5,0.5,0.9,2.2,5.8,,colliza01
90,Mike Conley,37,MIN,PG,26,26,25.4,2.6,7.4,.349,1.8,5.2,.358,0.7,2.2,.328,.474,1.2,1.3,.912,0.5,2.3,2.8,4.5,1.5,0.2,1.3,1.6,8.2,,conlemi01
91,Pat Connaughton,32,MIL,SG,16,0,16.8,1.7,4.4,.380,0.9,2.8,.311,0.8,1.6,.500,.479,0.6,0.8,.750,0.5,2.4,2.9,1.6,0.2,0.3,0.7,1.3,4.8,,connapa01
92,Bilal Coulibaly,20,WAS,SF,27,27,34.8,4.9,11.1,.439,1.2,4.0,.308,3.7,7.2,.510,.493,2.6,3.3,.775,1.4,4.3,5.7,3.6,1.5,0.7,2.1,2.6,13.6,,coulibi01
93,Ricky Council IV,23,PHI,SF,22,0,12.5,1.7,4.2,.402,0.4,1.6,.257,1.3,2.6,.491,.451,1.7,2.0,.841,0.6,1.5,2.0,0.7,0.3,0.2,0.4,0.8,5.5,,councri01
94,Torrey Craig,34,CHI,SF,8,1,11.4,2.0,4.4,.457,1.3,3.5,.357,0.8,0.9,.857,.600,0.3,0.3,1.000,0.8,1.8,2.5,0.4,0.1,0.1,0.0,1.8,5.5,,craigto01
95,Isaiah Crawford,23,SAC,SF,1,0,5.0,0.0,0.0,,0.0,0.0,,0.0,0.0,,,0.0,0.0,,0.0,1.0,1.0,0.0,0.0,0.0,0.0,1.0,0.0,,crawfis01
96,Jae Crowder,34,SAC,SF,6,2,14.8,1.0,2.8,.353,0.5,2.0,.250,0.5,0.8,.600,.441,0.8,1.0,.833,1.0,1.8,2.8,0.7,0.5,0.0,0.7,1.7,3.3,,crowdja01
97,Cui Yongxi,21,BRK,SG,5,0,2.0,0.2,1.4,.143,0.0,0.6,.000,0.2,0.8,.250,.143,0.2,0.4,.500,0.0,0.4,0.4,0.0,0.0,0.0,0.0,0.0,0.6,,cuiyo01
98,Cade Cunningham,23,DET,PG,28,28,35.9,9.0,20.0,.447,2.4,6.6,.362,6.6,13.4,.489,.507,3.6,4.5,.803,1.0,5.7,6.7,9.7,0.8,0.9,4.4,2.8,24.0,,cunnica01
99,Seth Curry,34,CHO,SG,28,6,12.8,1.7,3.8,.449,0.8,2.0,.418,0.9,1.9,.481,.556,0.4,0.5,.857,0.4,1.0,1.4,0.4,0.5,0.2,0.3,1.0,4.7,,curryse01
100,Stephen Curry,36,GSW,PG,25,25,31.3,7.4,16.8,.442,4.2,10.4,.406,3.2,6.4,.500,.568,3.4,3.6,.923,0.5,4.4,4.8,6.5,1.2,0.5,3.2,1.1,22.5,,curryst01
101,Tristan Da Silva,23,ORL,SF,29,22,24.9,3.2,7.5,.424,1.2,3.7,.330,2.0,3.8,.514,.505,0.8,1.1,.774,1.0,2.6,3.5,1.5,0.4,0.2,1.0,1.6,8.4,,dasiltr01
102,Pacome Dadiet,19,NYK,SG,12,0,6.8,0.5,1.7,.300,0.4,1.2,.357,0.1,0.5,.167,.425,0.2,0.2,1.000,0.0,1.1,1.1,0.4,0.1,0.2,0.1,0.4,1.6,,dadiepa01
103,Dyson Daniels,21,ATL,SG,29,29,33.6,5.4,11.9,.457,1.2,3.8,.327,4.2,8.1,.517,.509,0.9,1.5,.605,1.6,3.5,5.1,3.5,3.1,0.9,1.9,2.5,13.0,,daniedy01
104,Anthony Davis,31,LAL,C,30,30,34.7,9.4,17.8,.527,0.7,2.1,.313,8.7,15.7,.556,.546,6.6,8.5,.776,2.6,8.9,11.5,3.5,1.2,2.0,2.2,1.9,26.0,,davisan02
105,Johnny Davis,22,WAS,SG,20,0,9.3,1.4,2.9,.466,0.3,1.0,.316,1.1,2.0,.538,.517,0.4,0.6,.636,0.4,1.3,1.6,0.5,0.6,0.3,0.2,0.8,3.4,,davisjo06
106,JD Davison,22,BOS,PG,5,0,4.8,0.4,1.0,.400,0.2,0.6,.333,0.2,0.4,.500,.500,0.2,0.4,.500,0.0,0.4,0.4,0.2,0.2,0.0,1.2,0.2,1.2,,davisjd01
107,DeMar DeRozan,35,SAC,SF,27,27,35.5,7.7,15.8,.489,0.6,2.1,.298,7.1,13.7,.519,.509,4.8,5.6,.854,0.6,3.3,3.9,4.0,1.4,0.4,1.6,2.0,20.9,,derozde01
108,Moussa Diabaté,23,CHO,C,29,4,18.2,1.6,2.6,.605,0.0,0.0,,1.6,2.6,.605,.605,0.4,0.9,.440,3.2,3.8,7.0,0.7,0.7,0.8,0.9,1.7,3.6,,diabamo01
109,Gradey Dick,21,TOR,SG,26,26,32.0,6.1,14.4,.421,2.5,7.1,.353,3.6,7.3,.487,.508,3.4,3.8,.889,0.8,2.6,3.4,2.2,0.9,0.2,1.8,2.4,18.0,,dickgr01
110,Ousmane Dieng,21,OKC,PF,18,0,10.9,1.1,3.4,.323,0.5,2.1,.243,0.6,1.4,.440,.395,0.4,0.6,.636,0.5,2.0,2.5,0.7,0.6,0.2,0.2,1.1,3.1,,diengou01
111,Rob Dillingham,20,MIN,PG,15,0,8.5,1.5,3.4,.451,0.6,1.4,.429,0.9,2.0,.467,.539,0.0,0.0,,0.1,0.7,0.7,1.7,0.1,0.0,1.1,0.3,3.7,,dilliro01
112,Spencer Dinwiddie,31,DAL,PG,30,3,22.2,2.5,6.7,.376,1.2,3.8,.327,1.3,3.0,.438,.468,2.3,2.6,.886,0.2,1.9,2.1,3.3,0.9,0.3,0.8,1.5,8.6,,dinwisp01
113,Donte DiVincenzo,28,MIN,SG,30,2,25.0,3.2,8.5,.380,2.3,6.5,.349,1.0,2.0,.483,.514,0.7,0.8,.800,0.4,2.9,3.2,3.4,1.2,0.2,1.6,1.5,9.4,,divindo01
114,Luka Dončić,25,DAL,PG,22,22,35.7,9.8,21.2,.464,3.4,9.6,.354,6.4,11.5,.555,.544,5.1,6.6,.767,0.7,7.6,8.3,7.8,2.0,0.4,3.4,2.6,28.1,,doncilu01
115,Luguentz Dort,25,OKC,SF,29,29,29.4,3.3,8.3,.404,2.2,5.6,.391,1.2,2.7,.430,.535,1.0,1.2,.800,1.6,3.1,4.6,1.6,1.2,0.8,0.6,3.1,9.8,,dortlu01
116,Ayo Dosunmu,25,CHI,SG,30,17,30.8,4.9,10.0,.490,1.3,4.2,.320,3.6,5.8,.611,.557,1.4,1.8,.796,0.6,3.3,3.9,4.8,0.8,0.5,1.3,2.3,12.6,,dosunay01
117,Jeff Dowtin,27,PHI,PG,9,0,10.2,1.1,2.7,.417,0.1,0.9,.125,1.0,1.8,.563,.438,0.4,0.6,.800,0.2,0.7,0.9,1.1,0.3,0.1,0.1,0.6,2.8,,dowtije01
118,PJ Dozier,28,MIN,SG,9,0,3.9,0.2,0.3,.667,0.2,0.3,.667,0.0,0.0,,1.000,0.1,0.7,.167,0.1,0.4,0.6,0.6,0.1,0.0,0.1,0.3,0.8,,doziepj01
119,Andre Drummond,31,PHI,C,24,14,19.3,2.8,5.6,.500,0.0,0.4,.111,2.8,5.2,.528,.504,1.3,2.3,.574,2.8,5.3,8.0,0.5,1.3,0.4,1.7,2.5,6.9,,drumman01
120,Chris Duarte,27,CHI,SG,13,0,4.2,0.8,1.5,.500,0.4,0.9,.417,0.4,0.6,.625,.625,0.5,0.6,.750,0.3,0.9,1.2,0.4,0.0,0.0,0.1,0.4,2.4,,duartch01
121,Alex Ducas,24,OKC,SG,4,0,1.8,0.0,0.8,.000,0.0,0.5,.000,0.0,0.3,.000,.000,0.0,0.0,,0.0,0.0,0.0,0.0,0.0,0.0,0.0,0.0,0.0,,ducasal01
122,David Duke Jr.,25,SAS,SG,1,0,8.0,1.0,4.0,.250,0.0,1.0,.000,1.0,3.0,.333,.250,1.0,2.0,.500,0.0,0.0,0.0,2.0,0.0,0.0,0.0,1.0,3.0,,dukeda01
123,Kris Dunn,30,LAC,PG,31,20,23.5,2.8,6.4,.444,1.1,3.2,.340,1.7,3.2,.551,.530,0.2,0.4,.500,0.7,2.9,3.6,2.7,1.7,0.3,1.2,2.5,7.0,,dunnkr01
124,Ryan Dunn,22,PHO,SF,27,12,18.2,2.4,5.7,.426,1.1,3.6,.299,1.4,2.1,.638,.519,0.3,0.5,.500,0.7,2.0,2.7,0.8,0.6,0.7,0.5,2.3,6.2,,dunnry01
125,Kevin Durant,36,PHO,PF,21,21,35.9,9.7,19.1,.509,2.4,5.9,.411,7.3,13.2,.552,.572,5.8,6.9,.841,0.5,5.9,6.4,3.7,0.8,1.3,3.3,1.8,27.7,,duranke01
126,Jalen Duren,21,DET,C,29,29,24.8,3.8,5.4,.690,0.0,0.0,,3.8,5.4,.690,.690,1.8,2.9,.607,3.0,6.1,9.1,2.3,0.5,1.1,2.0,3.2,9.3,,durenja01
127,Tari Eason,23,HOU,PF,24,0,22.8,4.4,9.2,.475,1.0,3.0,.315,3.4,6.2,.554,.527,1.5,2.0,.755,2.1,4.2,6.3,1.0,1.9,1.0,0.8,2.5,11.3,,easonta01
128,Zach Edey,22,MEM,C,20,14,21.9,4.7,7.7,.604,0.5,1.1,.429,4.2,6.7,.632,.633,1.5,2.4,.638,3.7,4.3,8.0,1.1,0.8,1.2,1.6,2.9,11.3,,edeyza01
129,Anthony Edwards,23,MIN,SG,30,30,35.9,9.0,20.1,.447,4.1,9.8,.420,4.9,10.3,.472,.550,3.1,3.9,.803,0.7,4.9,5.5,4.0,1.3,0.6,3.1,1.9,25.3,,edwaran01
130,Justin Edwards,21,PHI,SF,2,0,4.5,1.0,1.5,.667,0.0,0.5,.000,1.0,1.0,1.000,.667,0.0,0.5,.000,0.0,1.0,1.0,0.5,0.0,0.0,0.0,0.0,2.0,,edwarju01
131,Kessler Edwards,24,DAL,SF,11,0,2.2,0.0,0.5,.000,0.0,0.4,.000,0.0,0.2,.000,.000,0.0,0.0,,0.0,0.2,0.2,0.1,0.0,0.1,0.1,0.4,0.0,,edwarke02
132,Keon Ellis,25,SAC,SG,30,4,19.7,2.1,4.4,.477,1.3,3.1,.426,0.8,1.3,.605,.629,0.9,1.1,.844,0.7,1.4,2.2,1.1,1.1,0.8,0.8,1.8,6.4,,elliske01
133,Joel Embiid,30,PHI,C,10,10,28.7,7.1,16.3,.436,1.2,4.2,.286,5.9,12.1,.488,.472,7.0,7.5,.933,1.5,5.3,6.8,3.9,1.0,1.1,3.2,2.3,22.4,,embiijo01
134,Drew Eubanks,27,UTA,C,24,0,13.3,2.0,3.2,.618,0.1,0.2,.500,1.9,3.0,.625,.632,0.8,1.3,.613,1.1,2.8,3.8,1.1,0.2,0.6,0.8,1.3,4.8,,eubandr01
135,Bruno Fernando,26,TOR,C,16,2,8.9,1.6,3.0,.542,0.0,0.0,,1.6,3.0,.542,.542,0.4,0.5,.750,1.3,1.8,3.1,1.1,0.3,0.6,0.9,1.6,3.6,,fernabr01
136,Kyle Filipowski,21,UTA,C,20,8,17.1,2.3,4.5,.506,0.6,1.8,.343,1.7,2.7,.611,.573,1.0,1.8,.556,0.9,3.5,4.4,1.8,0.5,0.1,1.0,1.9,6.1,,filipky01
137,Dorian Finney-Smith,31,BRK,PF,20,20,29.0,3.7,8.0,.459,2.4,5.4,.435,1.3,2.6,.510,.607,0.8,1.2,.625,1.6,3.0,4.6,1.6,0.9,0.6,0.9,2.7,10.4,,finnedo01
138,Adam Flagler,25,OKC,SG,11,0,3.6,0.5,1.8,.250,0.5,1.7,.263,0.0,0.1,.000,.375,0.0,0.0,,0.2,0.4,0.5,0.0,0.2,0.0,0.0,0.4,1.4,,flaglad01
139,Trentyn Flowers,19,LAC,SF,1,0,14.0,4.0,9.0,.444,0.0,2.0,.000,4.0,7.0,.571,.444,1.0,1.0,1.000,1.0,3.0,4.0,0.0,0.0,0.0,1.0,3.0,9.0,,flowetr01
140,Simone Fontecchio,29,DET,SF,30,0,17.9,2.1,5.1,.405,1.2,3.4,.347,0.9,1.7,.519,.520,1.1,1.4,.829,0.6,2.2,2.8,0.9,0.3,0.2,0.8,1.3,6.4,,fontesi01
141,De'Aaron Fox,27,SAC,PG,32,32,37.3,9.8,20.3,.481,2.0,6.3,.322,7.7,13.9,.554,.532,4.8,6.0,.801,1.1,3.9,5.0,6.3,1.7,0.3,3.4,2.7,26.3,,foxde01
142,Enrique Freeman,24,IND,PF,17,1,7.0,0.6,1.3,.455,0.1,0.4,.167,0.5,0.9,.563,.477,0.3,0.5,.556,0.2,0.6,0.8,0.4,0.1,0.1,0.2,0.9,1.5,,freemen01
143,Johnny Furphy,20,IND,SG,19,0,10.8,1.1,2.8,.370,0.6,1.7,.344,0.5,1.2,.409,.472,0.4,0.4,1.000,0.7,0.8,1.5,0.5,0.4,0.3,0.5,1.0,3.1,,furphjo01
144,Daniel Gafford,26,DAL,C,31,14,20.7,5.0,7.0,.722,0.0,0.0,,5.0,7.0,.722,.722,2.2,3.2,.677,2.5,3.6,6.2,1.2,0.5,1.3,1.0,2.6,12.2,,gaffoda01
145,Darius Garland,25,CLE,PG,30,30,30.0,7.4,14.9,.496,3.0,6.8,.436,4.4,8.1,.545,.595,2.9,3.1,.925,0.5,2.0,2.6,6.4,1.1,0.2,2.4,2.2,20.6,,garlada01
146,Luka Garza,26,MIN,C,9,0,5.1,1.6,2.8,.560,0.2,0.9,.250,1.3,1.9,.706,.600,0.6,0.9,.625,0.4,0.8,1.2,0.1,0.1,0.0,0.3,0.4,3.9,,garzalu01
147,Keyonte George,21,UTA,PG,25,25,31.6,5.4,13.7,.394,2.7,7.8,.349,2.7,5.9,.453,.493,2.7,3.3,.807,0.5,2.9,3.4,5.7,0.7,0.2,3.3,1.8,16.2,,georgke01
148,Kyshawn George,21,WAS,SG,24,6,25.9,2.6,7.6,.341,1.3,5.0,.258,1.3,2.6,.500,.426,0.9,1.3,.733,0.8,3.2,4.0,2.4,0.7,0.7,1.0,3.0,7.4,,georgky01
149,Paul George,34,PHI,PF,19,19,32.1,5.6,13.9,.404,2.0,6.4,.314,3.6,7.6,.479,.475,2.5,3.2,.787,0.7,4.8,5.5,4.8,2.0,0.5,2.5,2.3,15.8,,georgpa01
150,Taj Gibson,39,CHO,C,14,8,10.8,1.1,2.4,.471,0.1,0.1,.500,1.1,2.3,.469,.485,0.3,0.4,.667,1.5,1.7,3.2,0.5,0.4,0.2,0.6,1.3,2.6,,gibsota01
151,Josh Giddey,22,CHI,PG,28,28,27.2,4.7,10.2,.460,1.3,3.8,.327,3.4,6.4,.539,.521,1.7,2.4,.712,1.3,5.5,6.7,7.0,1.0,0.5,2.7,1.5,12.3,,giddejo01
152,Shai Gilgeous-Alexander,26,OKC,PG,30,30,34.7,10.8,21.0,.517,2.2,6.2,.348,8.7,14.7,.588,.568,7.0,8.0,.879,0.9,4.7,5.6,6.1,2.0,1.1,2.7,2.2,30.8,,gilgesh01
153,Anthony Gill,32,WAS,PF,20,0,7.5,0.9,1.7,.500,0.2,0.6,.333,0.7,1.1,.591,.559,0.5,0.9,.556,0.3,1.0,1.3,0.3,0.3,0.1,0.3,0.6,2.4,,gillan01
154,Collin Gillespie,25,PHO,PG,1,0,3.0,1.0,2.0,.500,1.0,1.0,1.000,0.0,1.0,.000,.750,0.0,0.0,,0.0,0.0,0.0,0.0,0.0,0.0,0.0,0.0,3.0,,gilleco01
155,Rudy Gobert,32,MIN,C,30,30,33.9,3.9,6.1,.645,0.0,0.0,,3.9,6.1,.645,.645,2.4,3.5,.702,3.2,7.3,10.5,1.7,0.7,1.4,1.5,2.6,10.3,,goberru01
156,Aaron Gordon,29,DEN,PF,17,16,28.8,4.8,9.1,.523,1.3,2.9,.440,3.5,6.2,.562,.594,2.9,3.8,.754,1.9,3.9,5.8,3.1,0.5,0.2,1.4,1.8,13.7,,gordoaa01
157,Eric Gordon,36,PHI,SG,19,1,16.6,1.7,4.7,.360,0.7,2.7,.275,0.9,2.0,.474,.438,0.9,1.2,.773,0.2,0.8,0.9,1.3,0.7,0.3,0.7,0.7,5.0,,gordoer01
158,Jazian Gortman,21,DAL,PG,12,0,3.4,0.5,1.3,.375,0.3,0.6,.429,0.3,0.8,.333,.469,0.1,0.2,.500,0.1,0.2,0.3,0.3,0.1,0.1,0.2,0.4,1.3,,gortmja01
159,Jerami Grant,30,POR,PF,29,29,32.7,4.9,12.7,.382,2.4,6.4,.382,2.4,6.3,.383,.478,2.8,3.4,.820,0.5,3.1,3.6,2.3,0.9,1.0,1.4,2.3,15.0,,grantje01
160,A.J. Green,25,MIL,SG,29,4,21.8,2.6,5.8,.449,2.2,5.1,.439,0.3,0.7,.526,.644,0.3,0.3,.889,0.2,2.1,2.3,1.3,0.5,0.1,0.7,1.9,7.7,,greenaj01
161,Draymond Green,34,GSW,PF,27,25,28.6,3.0,6.9,.428,1.5,3.9,.385,1.5,3.1,.482,.535,1.3,2.1,.621,1.0,5.2,6.2,5.7,1.1,1.0,2.4,3.2,8.7,,greendr01
162,Jalen Green,22,HOU,SG,31,31,32.5,6.7,16.3,.411,2.5,7.7,.326,4.2,8.6,.487,.488,3.4,3.9,.861,0.5,4.0,4.5,2.6,1.0,0.3,2.5,1.6,19.3,,greenja05
163,Javonte Green,31,NOP,SG,30,12,21.5,2.1,4.7,.451,0.7,2.0,.339,1.5,2.8,.530,.521,1.1,1.4,.744,1.0,2.2,3.2,0.7,1.0,0.6,0.6,1.4,6.0,,greenja02
164,Jeff Green,38,HOU,PF,9,0,6.1,1.0,2.0,.500,0.4,1.2,.364,0.6,0.8,.714,.611,0.1,0.2,.500,0.1,0.7,0.8,0.1,0.2,0.0,0.2,0.4,2.6,,greenje02
165,Josh Green,24,CHO,SG,29,28,28.4,2.6,6.3,.418,1.4,3.5,.416,1.2,2.8,.420,.533,0.6,1.0,.552,1.0,1.6,2.6,1.6,1.0,0.4,1.0,3.0,7.2,,greenjo02
166,Quentin Grimes,24,DAL,SG,30,9,21.3,3.2,6.7,.475,1.6,3.8,.421,1.6,2.9,.545,.594,1.3,1.7,.731,0.8,3.1,3.9,1.6,0.7,0.2,1.1,1.7,9.3,,grimequ01
167,Mouhamed Gueye,22,ATL,PF,2,0,5.5,0.5,2.0,.250,0.0,1.0,.000,0.5,1.0,.500,.250,0.0,0.0,,0.0,1.0,1.0,0.0,0.0,0.0,0.5,0.0,1.0,,gueyemo02
168,Rui Hachimura,26,LAL,PF,26,26,33.5,4.6,9.5,.484,1.6,3.6,.452,3.0,5.9,.503,.569,1.7,2.1,.833,1.7,3.7,5.4,1.6,1.0,0.7,1.0,2.0,12.5,,hachiru01
169,Tyrese Haliburton,24,IND,PG,32,32,35.1,6.0,13.8,.431,3.0,8.4,.353,3.0,5.4,.552,.538,2.5,2.9,.849,0.7,2.8,3.5,8.8,1.2,0.6,1.9,1.4,17.4,,halibty01
170,PJ Hall,22,DEN,C,6,0,2.3,0.3,0.8,.400,0.0,0.3,.000,0.3,0.5,.667,.400,0.0,0.0,,0.0,0.5,0.5,0.0,0.0,0.2,0.0,0.2,0.7,,hallpj01
171,Tim Hardaway Jr.,32,DET,SG,29,29,27.2,3.3,7.9,.419,1.9,5.3,.361,1.4,2.6,.541,.541,1.4,1.7,.875,0.2,1.8,2.0,1.6,0.3,0.0,0.7,1.3,10.0,,hardati02
172,James Harden,35,LAC,PG,30,30,34.1,6.3,16.1,.390,2.8,8.2,.341,3.5,7.9,.441,.477,6.5,7.3,.894,0.6,5.8,6.4,8.1,1.5,0.6,4.7,2.0,21.9,,hardeja01
173,Jaden Hardy,22,DAL,SG,24,2,14.1,2.3,5.9,.397,0.9,2.8,.318,1.5,3.1,.467,.472,0.9,1.0,.880,0.2,1.3,1.4,1.2,0.6,0.0,1.3,1.3,6.5,,hardyja02
174,Gary Harris,30,ORL,SG,18,2,16.4,1.4,3.5,.397,0.9,2.7,.354,0.4,0.8,.533,.532,0.2,0.3,.667,0.5,0.8,1.3,0.4,0.5,0.3,0.4,0.7,3.9,,harriga01
175,Tobias Harris,32,DET,PF,30,30,31.5,4.8,11.1,.429,1.3,4.2,.320,3.4,6.9,.495,.489,1.9,2.2,.848,1.0,5.3,6.3,2.4,0.8,0.9,1.1,2.0,12.7,,harrito02
176,Josh Hart,29,NYK,SG,31,31,36.9,5.4,9.3,.582,1.3,3.4,.385,4.1,5.9,.694,.652,2.1,2.5,.823,1.7,6.7,8.4,5.4,1.5,0.4,1.8,2.4,14.2,,hartjo01
177,Isaiah Hartenstein,26,OKC,C,15,14,30.3,5.3,9.0,.593,0.0,0.3,.000,5.3,8.7,.611,.593,1.9,3.0,.644,2.9,9.9,12.8,3.7,0.9,1.1,1.9,3.1,12.6,,harteis01
178,Sam Hauser,27,BOS,PF,24,3,21.7,2.8,6.7,.425,2.0,5.5,.356,0.9,1.2,.750,.572,0.1,0.1,1.000,0.8,2.5,3.3,1.1,0.8,0.2,0.3,1.3,7.7,,hausesa01
179,Jordan Hawkins,22,NOP,SG,16,3,25.4,4.0,11.0,.364,2.0,6.1,.327,2.0,4.9,.410,.455,2.3,2.6,.881,0.4,2.6,3.0,1.1,0.4,0.6,1.0,0.8,12.3,,hawkijo01
180,Jaxson Hayes,24,LAL,C,11,1,17.5,2.4,3.3,.722,0.0,0.0,,2.4,3.3,.722,.722,1.6,2.1,.783,1.9,2.6,4.5,0.8,0.4,0.8,0.7,2.5,6.4,,hayesja02
181,Scoot Henderson,20,POR,PG,24,3,25.9,4.1,10.2,.402,1.1,3.5,.318,3.0,6.6,.447,.457,2.2,2.9,.757,0.7,2.2,2.9,5.0,1.1,0.3,2.6,2.7,11.5,,hendesc01
182,Taylor Hendricks,21,UTA,PF,3,3,25.0,1.3,6.0,.222,1.0,4.0,.250,0.3,2.0,.167,.306,1.0,1.3,.750,1.7,3.3,5.0,0.7,1.7,1.3,0.7,2.7,4.7,,hendrita0
183,Tyler Herro,25,MIA,SG,29,29,35.1,8.3,17.5,.472,4.0,9.7,.409,4.3,7.8,.551,.586,3.4,4.0,.861,0.3,5.4,5.7,5.1,0.8,0.1,2.5,1.6,23.9,,herroty01
184,Buddy Hield,32,GSW,SG,31,6,22.9,4.6,10.6,.436,2.9,7.3,.398,1.7,3.3,.520,.573,0.8,0.8,.923,0.6,2.8,3.4,1.3,0.8,0.3,1.3,1.9,12.9,,hieldbu01
185,Haywood Highsmith,28,MIA,SF,27,20,24.4,2.5,5.2,.482,1.3,3.0,.439,1.2,2.2,.542,.610,0.5,0.7,.684,0.7,2.3,3.1,1.0,1.0,0.6,0.8,2.2,6.9,,highsha01
186,Aaron Holiday,28,HOU,PG,20,0,9.2,1.3,2.8,.473,0.9,2.0,.436,0.5,0.8,.563,.627,0.6,0.7,.846,0.0,0.9,0.9,1.2,0.3,0.1,0.3,0.6,4.0,,holidaa01
187,Jrue Holiday,34,BOS,PG,26,26,30.6,4.5,10.0,.448,1.8,5.4,.326,2.7,4.5,.593,.537,1.5,1.7,.889,1.1,3.2,4.3,3.7,0.9,0.4,1.5,1.5,12.2,,holidjr01
188,Ron Holland,19,DET,SF,32,1,15.8,2.5,5.3,.476,0.4,1.9,.217,2.1,3.4,.618,.515,0.9,1.1,.778,0.5,2.5,3.0,0.7,0.5,0.2,0.9,1.6,6.3,,hollaro01
189,Richaun Holmes,31,WAS,PF,4,0,6.0,1.3,2.8,.455,0.0,0.3,.000,1.3,2.5,.500,.455,0.5,0.5,1.000,0.8,1.0,1.8,0.0,0.0,0.5,0.5,0.3,3.0,,holmeri01
190,Chet Holmgren,22,OKC,C,10,10,26.5,5.6,11.1,.505,1.4,3.7,.378,4.2,7.4,.568,.568,3.8,4.9,.776,1.6,7.1,8.7,2.0,0.8,2.6,2.3,1.8,16.4,,holmgch01
191,Jalen Hood-Schifino,21,LAL,SG,2,0,7.0,0.5,0.5,1.000,0.0,0.0,,0.5,0.5,1.000,1.000,1.0,1.0,1.000,0.5,0.0,0.5,0.5,0.0,0.5,0.5,1.5,2.0,,hoodsja01
192,Al Horford,38,BOS,C,24,21,27.8,3.4,7.5,.453,2.1,5.3,.402,1.3,2.2,.577,.595,0.4,0.5,.833,0.9,4.4,5.3,2.2,0.7,0.9,1.0,1.5,9.3,,horfoal01
193,Talen Horton-Tucker,24,CHI,SG,26,0,12.2,2.3,4.9,.472,0.8,2.2,.386,1.5,2.7,.543,.559,1.0,1.4,.676,0.4,1.5,1.9,1.5,0.3,0.2,0.5,1.0,6.4,,hortota01
194,Caleb Houstan,22,ORL,SF,20,0,5.8,0.4,1.5,.276,0.3,1.2,.250,0.1,0.3,.400,.379,0.1,0.1,1.000,0.1,0.4,0.5,0.2,0.0,0.1,0.1,0.3,1.2,,houstca01
195,Jett Howard,21,ORL,SF,30,0,10.2,1.4,3.8,.368,0.9,2.8,.321,0.5,1.0,.500,.487,0.2,0.2,.857,0.4,0.8,1.1,0.4,0.2,0.2,0.4,0.9,3.9,,howarje01
196,Kevin Huerter,26,SAC,SG,28,15,25.3,3.6,8.4,.434,1.8,5.6,.310,1.9,2.8,.688,.538,0.6,0.8,.696,0.5,3.0,3.5,2.0,1.0,0.5,1.0,2.2,9.6,,huertke01
197,Jay Huff,26,MEM,C,28,1,15.1,3.1,6.1,.515,1.6,3.9,.409,1.5,2.2,.705,.646,1.2,1.5,.767,0.6,2.1,2.8,0.8,0.3,1.1,0.6,1.8,9.1,,huffja01
198,Ariel Hukporti,22,NYK,C,12,0,8.3,0.8,1.2,.643,0.0,0.0,,0.8,1.2,.643,.643,0.3,0.7,.500,0.3,1.5,1.8,0.5,0.0,0.7,0.8,1.2,1.8,,hukpoar01
199,De'Andre Hunter,27,ATL,SF,21,2,28.2,6.6,13.5,.491,2.8,6.3,.447,3.8,7.2,.530,.595,4.5,5.0,.896,0.6,3.6,4.1,1.3,0.7,0.1,1.3,2.4,20.6,,huntede01
200,Bones Hyland,24,LAC,PG,12,0,11.4,2.5,6.1,.411,1.9,4.3,.442,0.6,1.8,.333,.568,1.3,1.5,.833,0.3,0.8,1.1,1.2,0.9,0.3,1.3,1.3,8.2,,hylanbo01
201,Oso Ighodaro,22,PHO,PF,25,2,15.8,1.7,2.8,.614,0.0,0.0,,1.7,2.8,.614,.614,0.4,0.8,.579,1.0,2.8,3.8,0.9,0.5,0.3,0.5,1.6,3.9,,ighodos01
202,Joe Ingles,37,MIN,SF,7,0,3.7,0.0,0.3,.000,0.0,0.3,.000,0.0,0.0,,.000,0.0,0.0,,0.3,0.0,0.3,1.3,0.0,0.0,0.1,0.7,0.0,,inglejo01
203,Brandon Ingram,27,NOP,SF,18,18,33.1,8.6,18.5,.465,2.4,6.4,.374,6.2,12.1,.514,.530,2.6,3.1,.855,0.9,4.6,5.6,5.2,0.9,0.6,3.8,2.5,22.2,,ingrabr01
204,Harrison Ingram,22,SAS,SF,1,0,7.0,0.0,1.0,.000,0.0,0.0,,0.0,1.0,.000,.000,0.0,0.0,,0.0,1.0,1.0,0.0,0.0,0.0,0.0,1.0,0.0,,ingraha01
205,Kyrie Irving,32,DAL,SG,29,29,35.6,9.0,18.5,.489,3.2,7.2,.445,5.8,11.3,.517,.576,3.3,3.7,.906,1.1,3.4,4.5,5.0,1.1,0.3,2.2,2.1,24.6,,irvinky01
206,Jonathan Isaac,27,ORL,PF,27,0,16.6,2.1,5.2,.407,0.7,2.7,.264,1.4,2.5,.559,.475,0.9,1.3,.676,1.6,2.9,4.5,0.3,0.9,1.3,0.4,1.4,5.8,,isaacjo01
207,Jaden Ivey,22,DET,SG,29,29,30.0,6.3,13.9,.453,2.0,5.1,.392,4.3,8.8,.488,.525,2.9,3.9,.737,1.4,2.9,4.2,4.0,0.9,0.4,2.9,2.3,17.4,,iveyja01
208,Andre Jackson Jr.,23,MIL,SG,29,21,18.4,1.4,3.6,.388,0.6,1.8,.353,0.8,1.8,.423,.476,0.2,0.4,.538,0.9,2.2,3.2,1.5,0.7,0.2,1.2,2.3,3.6,,jacksan01
209,Isaiah Jackson,23,IND,C,5,1,16.8,2.8,4.6,.609,0.0,0.0,,2.8,4.6,.609,.609,1.4,2.8,.500,2.2,3.4,5.6,1.0,0.6,1.6,1.0,2.8,7.0,,jacksis01
210,Jaren Jackson Jr.,25,MEM,C,30,30,28.3,7.9,15.7,.503,1.8,5.1,.362,6.1,10.6,.571,.562,4.3,5.2,.815,1.4,4.6,6.0,1.7,1.5,1.7,2.1,3.2,21.9,,jacksja02
211,Quenton Jackson,26,IND,PG,16,7,15.7,2.4,4.7,.520,0.6,1.5,.375,1.9,3.2,.588,.580,0.9,1.3,.714,0.6,1.1,1.7,1.9,0.6,0.3,0.7,2.0,6.4,,jacksqu01
212,Reggie Jackson,34,PHI,PG,14,0,11.5,1.5,3.7,.404,1.0,2.4,.424,0.5,1.4,.368,.538,0.0,0.0,,0.2,1.0,1.2,1.8,0.5,0.2,0.5,0.8,4.0,,jacksre01
213,Trayce Jackson-Davis,24,GSW,C,30,23,18.4,3.7,6.0,.620,0.0,0.0,.000,3.7,5.9,.624,.620,1.0,1.7,.620,2.0,3.5,5.5,2.1,0.4,0.9,0.8,1.3,8.4,,jackstr02
214,Bronny James,20,LAL,SG,7,0,2.6,0.1,1.1,.125,0.0,0.6,.000,0.1,0.6,.250,.125,0.3,0.3,1.000,0.1,0.0,0.1,0.3,0.1,0.1,0.0,0.3,0.6,,jamesbr02
215,LeBron James,40,LAL,SF,28,28,35.0,9.0,18.1,.496,2.0,5.6,.357,7.0,12.5,.559,.551,3.5,4.6,.767,1.0,6.9,7.9,9.0,0.8,0.6,3.9,1.3,23.5,,jamesle01
216,Jaime Jaquez Jr.,23,MIA,SF,25,4,21.8,3.2,7.8,.418,0.6,2.2,.255,2.7,5.6,.482,.454,1.8,2.4,.754,1.2,3.5,4.7,2.2,1.2,0.1,1.6,1.7,8.9,,jaqueja01
217,DaQuan Jeffries,27,CHO,SG,7,0,18.6,3.0,5.9,.512,1.3,2.9,.450,1.7,3.0,.571,.622,0.4,0.6,.750,0.9,2.0,2.9,0.7,0.6,0.6,0.9,1.9,7.7,,jeffrda01
218,Trey Jemison,25,NOP,C,16,0,10.4,0.9,2.0,.469,0.0,0.0,,0.9,2.0,.469,.469,0.5,1.3,.381,1.4,1.4,2.8,0.6,0.4,0.4,0.6,1.7,2.4,,jemistr01
219,Daniss Jenkins,23,DET,PG,2,0,2.5,0.0,1.0,.000,0.0,1.0,.000,0.0,0.0,,.000,0.0,0.0,,0.0,0.0,0.0,0.0,0.0,0.0,0.0,0.5,0.0,,jenkida01
220,Ty Jerome,27,CLE,SG,30,2,17.6,3.8,7.4,.509,1.4,3.3,.418,2.4,4.1,.581,.601,1.4,1.5,.891,0.6,1.4,2.0,3.5,1.2,0.0,1.2,1.5,10.3,,jeromty01
221,Isaiah Joe,25,OKC,SG,28,10,20.6,2.9,7.4,.385,2.0,5.8,.350,0.8,1.6,.511,.522,0.4,0.6,.706,0.5,2.2,2.7,1.5,0.7,0.2,0.5,1.6,8.2,,joeis01
222,AJ Johnson,20,MIL,SG,5,0,2.2,0.6,1.2,.500,0.2,0.2,1.000,0.4,1.0,.400,.583,0.0,0.0,,0.0,0.4,0.4,0.2,0.0,0.0,0.4,0.0,1.4,,johnsaj01
223,Cameron Johnson,28,BRK,PF,29,29,32.9,6.3,12.9,.492,3.2,7.6,.429,3.1,5.3,.581,.618,3.6,4.0,.888,0.7,3.7,4.4,3.1,0.8,0.5,1.5,1.9,19.5,,johnsca02
224,Jalen Johnson,23,ATL,SF,30,30,36.6,8.0,15.6,.512,1.4,4.2,.336,6.6,11.4,.576,.557,2.7,3.6,.757,1.9,8.5,10.4,5.5,1.4,1.1,3.0,2.0,20.0,,johnsja05
225,James Johnson,37,IND,PF,5,0,4.4,0.8,1.4,.571,0.0,0.2,.000,0.8,1.2,.667,.571,0.0,0.2,.000,0.0,0.8,0.8,0.6,0.0,0.4,0.8,0.6,1.6,,johnsja01
226,Keldon Johnson,25,SAS,SF,28,0,25.0,4.5,10.0,.448,1.0,3.7,.282,3.4,6.3,.545,.500,2.0,2.5,.775,1.1,3.9,5.0,1.6,0.8,0.2,0.8,1.6,11.9,,johnske04
227,Keon Johnson,22,BRK,SG,29,10,19.0,2.6,7.3,.357,1.3,4.4,.289,1.3,2.9,.459,.444,0.4,0.6,.722,0.6,2.6,3.1,1.2,0.7,0.3,1.1,2.5,7.0,,johnske07
228,Keshad Johnson,23,MIA,SF,3,0,4.7,0.3,0.7,.500,0.0,0.3,.000,0.3,0.3,1.000,.500,0.0,0.0,,0.0,1.0,1.0,0.0,0.0,0.0,0.0,0.3,0.7,,johnske10
229,Nikola Jokić,29,DEN,C,27,27,37.1,11.7,20.5,.571,2.3,4.5,.500,9.4,16.0,.592,.627,5.1,6.4,.793,3.3,9.2,12.5,9.5,1.7,0.6,3.4,2.1,30.8,,jokicni01
230,Colby Jones,22,SAC,SG,21,0,5.6,0.5,1.1,.417,0.2,0.4,.444,0.3,0.7,.400,.500,0.0,0.0,,0.3,0.7,1.0,0.2,0.2,0.2,0.3,0.6,1.1,,jonesco02
231,Derrick Jones Jr.,27,LAC,SF,29,29,24.6,3.9,7.8,.502,1.1,2.8,.390,2.8,5.0,.566,.573,1.0,1.2,.882,1.2,2.2,3.3,0.9,1.3,0.3,1.0,2.1,10.0,,jonesde02
232,Dillon Jones,23,OKC,SF,24,0,8.2,0.8,2.5,.328,0.3,1.5,.194,0.5,1.0,.520,.385,0.3,0.4,.600,0.7,1.2,1.9,0.7,0.2,0.0,0.3,0.9,2.2,,jonesdi01
233,Herbert Jones,26,NOP,SF,14,14,32.5,3.9,9.4,.420,1.1,3.9,.273,2.9,5.4,.526,.477,1.6,2.1,.767,1.4,2.8,4.2,3.1,2.0,0.5,1.9,3.2,10.6,,joneshe01
234,Isaac Jones,24,SAC,PF,20,0,8.6,1.6,2.4,.667,0.1,0.2,.250,1.6,2.2,.705,.677,0.6,1.0,.550,0.5,1.1,1.6,0.2,0.1,0.4,0.6,1.1,3.8,,jonesis01
235,Kai Jones,24,LAC,C,20,0,7.7,0.8,1.0,.750,0.0,0.0,,0.8,1.0,.750,.750,0.5,0.6,.750,0.6,1.1,1.7,0.4,0.3,0.5,0.4,1.0,2.0,,joneska01
236,Mason Jones,26,SAC,SG,3,0,4.3,0.0,0.7,.000,0.0,0.7,.000,0.0,0.0,,.000,0.0,0.0,,0.3,1.0,1.3,2.3,0.0,0.0,0.0,0.3,0.0,,jonesma05
237,Spencer Jones,23,DEN,SF,4,0,2.3,0.0,0.5,.000,0.0,0.5,.000,0.0,0.0,,.000,0.0,0.0,,0.0,0.8,0.8,0.0,0.5,0.0,0.3,0.3,0.0,,jonessp01
238,Tre Jones,25,SAS,PG,13,0,16.8,1.2,3.1,.400,0.2,1.1,.214,1.0,2.0,.500,.438,1.0,1.3,.765,0.5,1.5,1.9,4.1,0.8,0.3,0.7,1.3,3.7,,jonestr01
239,Tyus Jones,28,PHO,PG,31,31,31.4,4.7,9.5,.493,2.3,5.3,.436,2.4,4.3,.564,.613,0.6,0.7,.864,0.5,2.0,2.6,6.4,0.9,0.2,1.2,1.0,12.3,,jonesty01
240,DeAndre Jordan,36,DEN,C,18,0,10.6,1.4,2.2,.641,0.0,0.0,,1.4,2.2,.641,.641,0.2,0.7,.308,1.0,3.0,4.0,0.8,0.3,0.5,0.7,1.2,3.0,,jordade01
241,Cory Joseph,33,ORL,PG,18,0,5.7,0.6,1.7,.333,0.4,1.1,.350,0.2,0.6,.300,.450,0.0,0.0,,0.2,0.7,0.9,0.7,0.3,0.1,0.2,0.4,1.5,,josepco01
242,Nikola Jović,21,MIA,PF,20,9,19.6,2.7,6.1,.438,1.2,3.2,.365,1.5,2.9,.517,.533,1.7,2.2,.791,0.5,3.0,3.4,1.5,0.9,0.1,0.7,1.5,8.2,,jovicni01
243,Johnny Juzang,23,UTA,SG,26,0,16.7,2.3,5.5,.410,1.6,4.0,.400,0.7,1.5,.436,.556,0.5,0.7,.824,0.5,1.8,2.3,1.0,0.4,0.2,0.5,1.8,6.7,,juzanjo01
244,Yuki Kawamura,23,MEM,PG,14,0,2.9,0.3,1.1,.267,0.1,0.8,.182,0.1,0.3,.500,.333,0.3,0.4,.667,0.0,0.1,0.1,0.6,0.1,0.0,0.3,0.3,1.0,,kawamyu01
245,Luke Kennard,28,MEM,SG,20,0,19.9,2.4,5.6,.423,1.8,4.1,.444,0.6,1.5,.367,.586,1.0,1.2,.826,0.4,1.9,2.3,2.9,0.6,0.1,0.8,0.8,7.5,,kennalu01
246,Walker Kessler,23,UTA,C,24,24,29.4,4.4,6.3,.697,0.1,0.1,.667,4.3,6.2,.698,.704,1.4,2.7,.523,4.0,6.9,10.9,1.5,0.5,2.8,1.5,2.2,10.3,,kesslwa01
247,Corey Kispert,25,WAS,SF,24,0,27.0,4.1,9.5,.432,1.9,5.8,.329,2.2,3.6,.598,.533,1.1,1.3,.867,0.4,2.9,3.3,1.6,0.5,0.2,1.1,1.7,11.2,,kispeco01
248,Maxi Kleber,33,DAL,PF,20,3,18.3,0.9,2.2,.386,0.3,0.9,.294,0.6,1.4,.444,.443,0.5,0.6,.750,0.6,2.6,3.2,0.9,0.3,0.5,0.7,2.0,2.4,,klebima01
249,Dalton Knecht,23,LAL,SF,31,12,22.7,3.8,8.0,.474,1.7,4.7,.367,2.0,3.2,.630,.583,0.9,1.2,.778,0.6,2.9,3.5,1.1,0.4,0.1,0.5,1.3,10.2,,knechda01
250,Tyler Kolek,23,NYK,PG,18,0,6.3,0.9,2.2,.410,0.6,1.3,.435,0.3,0.9,.375,.538,0.2,0.2,1.000,0.1,0.6,0.7,0.6,0.3,0.1,0.4,0.6,2.6,,kolekty01
251,Christian Koloko,24,LAL,C,20,0,9.2,0.9,1.4,.630,0.0,0.1,.000,0.9,1.3,.680,.630,0.2,0.2,.750,0.9,1.4,2.3,0.2,0.3,0.4,0.4,1.2,1.9,,kolokch01
252,John Konchar,28,MEM,SG,17,0,11.9,0.9,1.9,.485,0.7,1.6,.429,0.2,0.3,.800,.667,0.2,0.2,.750,0.8,2.0,2.8,1.1,0.5,0.4,0.5,0.8,2.8,,konchjo01
253,Luke Kornet,29,BOS,C,25,3,17.0,1.8,2.9,.611,0.0,0.0,,1.8,2.9,.611,.611,1.1,1.5,.757,2.2,2.7,4.9,1.5,0.5,1.0,0.4,1.2,4.6,,kornelu01
254,Vit Krejci,24,ATL,PG,18,2,13.1,1.0,2.9,.340,0.4,1.7,.226,0.6,1.2,.500,.406,0.5,0.7,.692,0.4,1.3,1.8,1.8,0.4,0.3,0.8,1.7,2.9,,krejcvi01
255,Jonathan Kuminga,22,GSW,PF,29,10,26.2,6.1,13.5,.455,1.2,3.7,.324,4.9,9.8,.505,.500,3.2,5.1,.635,1.4,3.4,4.9,2.1,0.9,0.6,1.6,1.9,16.7,,kuminjo01
256,Kyle Kuzma,29,WAS,PF,12,12,27.5,6.3,15.1,.420,1.3,4.8,.276,5.0,10.3,.488,.464,1.8,2.7,.688,0.7,4.9,5.6,1.9,0.4,0.3,2.4,1.9,15.8,,kuzmaky01
257,Jock Landale,29,HOU,C,18,0,9.7,1.2,2.8,.420,0.2,0.4,.429,1.0,2.4,.419,.450,0.6,1.1,.526,1.2,1.5,2.7,0.8,0.2,0.4,0.6,0.8,3.1,,landajo01
258,Jake LaRavia,23,MEM,PF,32,0,22.3,3.0,6.0,.492,1.0,2.3,.444,2.0,3.8,.521,.575,1.5,2.1,.706,1.5,3.1,4.6,3.3,0.9,0.6,1.7,2.2,8.4,,laravja01
259,Pelle Larsson,23,MIA,SG,18,0,16.1,1.9,3.9,.493,0.6,1.8,.344,1.3,2.2,.615,.570,0.9,1.4,.640,0.6,1.3,1.8,1.4,0.6,0.0,0.6,2.3,5.4,,larsspe01
260,Zach LaVine,29,CHI,SF,28,28,33.4,7.9,15.8,.499,3.3,7.4,.447,4.5,8.3,.545,.604,3.0,3.6,.814,0.2,4.4,4.6,4.3,0.8,0.3,3.0,1.7,22.0,,lavinza01
261,A.J. Lawson,24,TOR,SG,2,0,5.0,1.5,2.0,.750,1.0,1.0,1.000,0.5,1.0,.500,1.000,0.5,1.0,.500,0.0,1.0,1.0,0.0,0.0,0.0,0.0,0.0,4.5,,lawsoaj01
262,Damion Lee,32,PHO,SG,6,0,7.5,0.8,3.3,.250,0.2,1.8,.091,0.7,1.5,.444,.275,1.0,1.0,1.000,0.0,0.8,0.8,0.8,0.3,0.0,0.5,0.3,2.8,,leeda03
263,Alex Len,31,SAC,C,24,3,7.3,0.6,1.1,.577,0.0,0.2,.000,0.6,0.9,.682,.577,0.3,0.5,.545,0.5,1.3,1.7,0.9,0.1,0.6,0.3,0.9,1.5,,lenal01
264,Malevy Leons,25,OKC,SF,6,0,3.5,0.0,0.3,.000,0.0,0.2,.000,0.0,0.2,.000,.000,0.3,0.7,.500,0.2,0.3,0.5,0.2,0.0,0.0,0.2,0.7,0.3,,leonsma01
265,Caris LeVert,30,CLE,SF,25,0,24.0,4.2,8.1,.520,1.8,3.9,.474,2.4,4.2,.562,.634,1.8,2.6,.692,0.5,2.3,2.8,4.0,0.9,0.5,1.3,1.4,12.0,,leverca01
266,Maxwell Lewis,22,LAL,SF,7,0,4.1,0.3,0.9,.333,0.0,0.0,,0.3,0.9,.333,.333,0.0,0.0,,0.3,0.0,0.3,0.3,0.1,0.0,0.3,0.1,0.6,,lewisma05
267,E.J. Liddell,24,CHI,PF,6,0,5.2,0.8,1.3,.625,0.5,1.0,.500,0.3,0.3,1.000,.813,0.3,0.3,1.000,0.2,0.7,0.8,0.5,0.2,0.2,0.3,1.3,2.5,,liddeej01
268,Damian Lillard,34,MIL,PG,23,23,36.3,7.9,17.7,.448,3.4,9.3,.369,4.5,8.3,.536,.546,6.6,7.2,.921,0.6,4.0,4.6,7.7,1.1,0.2,2.9,1.9,25.9,,lillada01
269,Dereck Lively II,20,DAL,C,25,18,24.1,3.6,5.2,.698,0.0,0.0,,3.6,5.2,.698,.698,1.5,2.4,.617,3.1,4.7,7.8,2.5,0.6,1.6,1.3,2.9,8.7,,livelde01
270,Chris Livingston,21,MIL,SF,3,0,2.0,0.3,0.7,.500,0.0,0.0,,0.3,0.7,.500,.500,0.0,0.0,,0.3,0.3,0.7,0.3,0.3,0.0,0.3,0.0,0.7,,livinch01
271,Kevon Looney,28,GSW,C,28,5,15.8,2.1,4.0,.527,0.0,0.0,,2.1,4.0,.527,.527,0.6,1.5,.439,3.1,3.8,6.9,1.7,0.7,0.2,0.6,2.3,4.9,,looneke01
272,Brook Lopez,36,MIL,C,30,30,32.7,4.7,9.6,.484,2.0,5.2,.378,2.7,4.4,.609,.587,1.0,1.3,.744,1.2,3.7,4.9,1.6,0.9,2.0,1.1,2.3,12.3,,lopezbr01
273,Kevin Love,36,MIA,PF,15,4,11.3,2.1,5.6,.369,1.2,3.3,.367,0.9,2.3,.371,.476,0.7,1.0,.667,0.9,3.5,4.4,1.2,0.9,0.1,0.8,0.9,6.0,,loveke01
274,Kyle Lowry,38,PHI,PG,22,10,20.3,1.3,3.6,.363,1.0,2.7,.350,0.4,0.9,.400,.494,0.8,1.0,.783,0.3,1.6,1.9,2.9,1.0,0.4,0.6,1.9,4.4,,lowryky01
275,Trey Lyles,29,SAC,PF,22,2,19.9,2.0,5.4,.373,1.3,3.8,.345,0.7,1.5,.441,.496,0.8,1.1,.750,1.0,3.1,4.1,0.8,0.5,0.5,0.5,1.4,6.1,,lylestr01
276,Sandro Mamukelashvili,25,SAS,PF,20,0,9.3,1.5,2.8,.536,0.9,2.0,.436,0.7,0.9,.765,.688,0.6,0.8,.733,0.6,2.2,2.8,0.4,0.2,0.3,0.5,0.6,4.4,,mamuksa01
277,Terance Mann,28,LAC,SG,23,11,21.0,2.4,5.6,.438,0.7,2.0,.340,1.7,3.5,.494,.500,0.7,1.0,.667,1.0,2.0,3.1,1.7,1.0,0.2,0.6,2.0,6.3,,mannte01
278,Tre Mann,23,CHO,PG,13,0,24.5,5.4,12.4,.435,1.8,4.6,.400,3.5,7.8,.455,.509,1.5,1.6,.905,0.9,2.0,2.9,3.0,0.5,0.3,1.9,1.8,14.1,,manntr01
279,Lauri Markkanen,27,UTA,PF,25,25,31.9,6.1,13.9,.441,2.9,7.7,.378,3.2,6.2,.519,.546,4.6,5.2,.884,1.8,4.7,6.5,2.0,0.8,0.2,1.5,1.6,19.7,,markkla01
280,Naji Marshall,27,DAL,SF,26,8,23.2,4.3,8.2,.528,0.8,2.4,.317,3.6,5.8,.616,.575,1.4,1.6,.881,0.9,2.3,3.3,2.2,0.8,0.1,1.3,1.4,10.9,,marshna01
281,Caleb Martin,29,PHI,SF,24,17,29.7,3.2,7.6,.423,1.1,2.9,.371,2.1,4.7,.455,.495,1.8,2.7,.646,1.5,3.1,4.5,2.1,1.0,0.5,1.6,1.9,9.3,,martica02
282,Cody Martin,29,CHO,SF,30,7,26.0,3.2,7.4,.439,1.1,3.6,.312,2.1,3.7,.563,.516,0.9,1.2,.703,1.1,3.6,4.7,2.3,1.2,0.7,1.1,2.0,8.5,,martico01
283,Jaylen Martin,21,BRK,SF,3,0,1.7,0.3,0.7,.500,0.3,0.3,1.000,0.0,0.3,.000,.750,0.0,0.0,,0.0,0.0,0.0,0.0,0.0,0.0,0.0,0.3,1.0,,martija02
284,KJ Martin,24,PHI,PF,24,7,20.0,2.5,4.1,.616,0.3,0.9,.381,2.2,3.3,.679,.657,1.0,1.2,.828,0.9,2.1,3.0,0.8,0.5,0.7,0.5,2.6,6.4,,martike04
285,Tyrese Martin,25,BRK,SG,15,2,16.4,2.7,5.9,.461,1.7,4.1,.403,1.1,1.8,.593,.601,0.5,0.6,.778,0.9,2.3,3.1,1.3,0.5,0.1,0.8,1.1,7.6,,martity01
286,Garrison Mathews,28,ATL,SG,23,1,18.3,2.5,5.4,.464,2.2,4.7,.472,0.3,0.7,.412,.668,1.6,1.9,.837,0.2,1.0,1.3,1.3,0.7,0.2,0.6,1.7,8.8,,mathega01
287,Bennedict Mathurin,22,IND,SG,32,27,33.0,5.6,12.3,.453,1.4,4.0,.359,4.2,8.3,.498,.511,4.0,4.8,.843,1.3,4.9,6.2,1.9,0.7,0.4,2.0,2.7,16.7,,mathube01
288,Karlo Matković,23,NOP,PF,5,0,7.8,0.4,1.0,.400,0.0,0.0,,0.4,1.0,.400,.400,0.0,0.0,,1.2,0.8,2.0,0.0,0.6,0.6,0.8,0.8,0.8,,matkoka01
289,Tyrese Maxey,24,PHI,PG,23,23,37.2,9.0,21.4,.420,3.3,9.6,.339,5.7,11.8,.485,.496,4.7,5.7,.826,0.2,3.5,3.7,5.4,2.0,0.4,2.2,2.3,26.0,,maxeyty01
290,Miles McBride,24,NYK,PG,27,0,24.8,3.4,8.1,.427,1.9,4.8,.403,1.5,3.3,.461,.546,1.0,1.2,.818,0.7,2.0,2.7,2.9,0.8,0.2,0.9,1.6,9.8,,mcbrimi01
291,Jared McCain,20,PHI,SG,23,8,25.7,5.5,11.9,.460,2.2,5.8,.383,3.3,6.1,.532,.553,2.1,2.4,.875,0.6,1.9,2.4,2.6,0.7,0.0,1.6,1.6,15.3,,mccaija01
292,Mac McClung,26,ORL,SG,1,0,5.0,0.0,0.0,,0.0,0.0,,0.0,0.0,,,0.0,0.0,,0.0,1.0,1.0,2.0,0.0,0.0,0.0,0.0,0.0,,mccluma01
293,CJ McCollum,33,NOP,PG,19,19,33.5,8.0,18.3,.437,2.6,7.9,.327,5.4,10.4,.520,.507,2.2,3.1,.712,0.8,3.2,3.9,4.1,1.1,0.5,1.7,2.5,20.8,,mccolcj01
294,T.J. McConnell,32,IND,PG,31,0,19.9,5.1,9.2,.558,0.2,0.7,.318,4.9,8.5,.578,.570,0.8,1.1,.758,0.6,1.9,2.5,4.4,1.2,0.3,1.6,1.0,11.3,,mccontj01
295,Jaden McDaniels,24,MIN,PF,30,30,29.6,3.8,8.9,.431,1.2,3.7,.318,2.7,5.2,.510,.496,0.8,1.1,.697,1.4,3.0,4.4,1.7,1.4,0.8,1.0,3.0,9.6,,mcdanja02
296,Doug McDermott,33,SAC,SF,22,3,9.1,1.3,3.1,.420,1.1,2.7,.407,0.2,0.5,.500,.594,0.1,0.2,.600,0.1,0.6,0.7,0.1,0.1,0.0,0.1,0.9,3.9,,mcderdo01
297,Bryce McGowens,22,POR,SG,1,0,3.0,1.0,2.0,.500,0.0,1.0,.000,1.0,1.0,1.000,.500,0.0,0.0,,0.0,0.0,0.0,1.0,0.0,0.0,0.0,0.0,2.0,,mcgowbr01
298,Jordan McLaughlin,28,SAC,PG,22,0,7.5,0.7,1.8,.385,0.4,1.0,.391,0.3,0.7,.375,.500,0.5,0.6,.714,0.1,0.7,0.9,0.9,0.4,0.0,0.4,0.5,2.2,,mclaujo01
299,Jack McVeigh,28,HOU,PF,6,0,3.5,0.5,1.8,.273,0.3,1.3,.250,0.2,0.5,.333,.364,0.0,0.0,,0.2,0.5,0.7,0.2,0.0,0.2,0.2,0.2,1.3,,mcveija01
300,De'Anthony Melton,26,GSW,SG,6,2,20.2,3.7,9.0,.407,2.2,5.8,.371,1.5,3.2,.474,.528,0.8,1.3,.625,1.0,2.3,3.3,2.8,1.2,0.3,1.7,3.0,10.3,,meltode01
301,Sam Merrill,28,CLE,SG,27,2,19.8,2.4,6.2,.387,1.9,5.5,.351,0.5,0.7,.650,.542,0.6,0.7,.944,0.4,1.5,1.9,1.7,0.6,0.3,0.5,1.9,7.4,,merrisa01
302,Vasilije Micić,31,CHO,PG,20,9,21.4,2.9,8.0,.365,1.4,3.7,.384,1.5,4.3,.349,.453,0.6,0.8,.800,0.8,1.8,2.5,3.6,0.6,0.0,2.1,1.2,7.8,,micicva01
303,Khris Middleton,33,MIL,SF,9,4,22.8,4.9,10.7,.458,2.0,4.1,.486,2.9,6.6,.441,.552,1.9,2.3,.810,0.2,3.9,4.1,5.3,1.0,0.2,2.4,2.8,13.7,,middlkh01
304,Brandon Miller,22,CHO,SF,23,23,34.5,7.4,18.6,.400,3.9,11.0,.352,3.6,7.6,.471,.505,2.7,3.0,.897,0.9,4.2,5.1,3.7,1.1,0.7,2.8,2.7,21.4,,millebr02
305,Jordan Miller,25,LAC,SF,19,0,14.3,2.3,5.4,.431,0.4,1.6,.233,1.9,3.8,.514,.466,0.9,1.2,.773,0.9,0.9,1.8,1.1,0.3,0.2,0.8,1.0,5.9,,millejo02
306,Leonard Miller,21,MIN,SF,1,0,2.0,0.0,0.0,,0.0,0.0,,0.0,0.0,,,2.0,2.0,1.000,0.0,0.0,0.0,0.0,1.0,0.0,0.0,0.0,2.0,,millele01
307,Dariq Whitehead,20,BRK,SF,4,0,7.0,1.5,2.8,.545,1.5,2.5,.600,0.0,0.3,.000,.818,0.0,0.0,,0.0,0.8,0.8,0.3,0.8,0.3,0.8,0.3,4.5,,whiteda01
308,Patty Mills,36,UTA,PG,9,0,15.3,1.2,3.4,.355,0.8,2.7,.292,0.4,0.8,.571,.468,0.3,0.3,1.000,0.1,0.8,0.9,1.4,0.7,0.2,0.9,0.9,3.6,,millspa02
309,Shake Milton,28,BRK,SG,27,1,18.2,2.7,5.8,.465,1.0,2.7,.389,1.7,3.1,.529,.554,0.9,1.2,.758,0.6,1.3,1.9,2.4,0.6,0.0,0.7,1.6,7.4,,miltosh01
310,Justin Minaya,25,POR,SF,1,0,6.0,0.0,0.0,,0.0,0.0,,0.0,0.0,,,0.0,0.0,,0.0,1.0,1.0,0.0,0.0,0.0,0.0,1.0,0.0,,minayju01
311,Riley Minix,24,SAS,SF,1,0,7.0,0.0,1.0,.000,0.0,1.0,.000,0.0,0.0,,.000,0.0,0.0,,0.0,2.0,2.0,0.0,0.0,0.0,0.0,0.0,0.0,,minixri01
312,Josh Minott,22,MIN,SF,17,0,7.2,1.2,2.2,.541,0.2,0.9,.250,0.9,1.2,.762,.595,0.3,0.4,.714,0.3,1.0,1.3,0.6,0.5,0.3,0.3,0.9,2.9,,minotjo01
313,Yves Missi,20,NOP,C,31,25,26.7,3.7,6.8,.550,0.0,0.0,.000,3.7,6.8,.552,.550,1.8,2.8,.648,3.9,4.6,8.5,1.3,0.7,1.3,1.2,2.3,9.3,,missiyv01
314,Ajay Mitchell,22,OKC,SG,30,1,16.1,2.4,4.6,.511,0.6,1.3,.450,1.8,3.3,.535,.576,0.6,0.8,.792,0.5,1.5,2.0,1.7,0.8,0.1,0.9,1.7,6.0,,mitchaj01
315,Davion Mitchell,26,TOR,PG,29,13,26.3,2.5,6.2,.400,0.9,3.0,.307,1.6,3.2,.489,.475,0.7,1.1,.677,0.5,1.6,2.1,5.0,0.8,0.2,1.9,2.8,6.6,,mitchda01
316,Donovan Mitchell,28,CLE,SG,30,30,31.6,8.3,18.2,.457,3.8,9.2,.412,4.5,9.0,.504,.561,3.1,3.9,.810,0.5,4.1,4.6,4.7,1.6,0.3,2.1,2.1,23.6,,mitchdo01
317,Evan Mobley,23,CLE,PF,29,29,30.4,7.2,12.6,.574,1.1,2.4,.437,6.2,10.2,.607,.616,3.2,4.1,.775,2.2,6.7,8.9,3.0,1.0,1.4,2.1,2.1,18.8,,mobleev01
318,Jonathan Mogbo,23,TOR,PF,31,6,17.8,2.1,4.6,.455,0.2,0.8,.292,1.9,3.8,.487,.479,1.1,1.5,.717,1.9,2.7,4.6,1.8,0.8,0.5,0.9,2.0,5.5,,mogbojo01
319,Malik Monk,26,SAC,SG,25,12,29.9,5.7,13.0,.440,2.4,6.8,.355,3.3,6.2,.532,.532,2.0,2.3,.862,0.2,3.4,3.6,4.8,0.8,0.6,1.8,2.4,15.8,,monkma01
320,Moses Moody,22,GSW,SG,25,4,15.7,2.5,6.1,.412,1.3,3.6,.352,1.2,2.5,.500,.516,1.1,1.5,.730,0.4,1.4,1.8,0.8,0.4,0.2,0.8,1.2,7.4,,moodymo01
321,Taze Moore,26,POR,SG,2,0,10.0,1.0,5.0,.200,0.5,2.0,.250,0.5,3.0,.167,.250,0.5,1.0,.500,2.0,2.0,4.0,0.5,1.0,0.0,1.0,0.0,3.0,,mooreta02
322,Wendell Moore Jr.,23,DET,SG,13,0,14.1,1.6,3.2,.512,0.2,0.8,.273,1.4,2.3,.600,.549,1.0,1.1,.929,0.8,2.4,3.2,1.4,0.6,0.2,0.6,1.0,4.5,,moorewe01
323,Ja Morant,25,MEM,PG,20,20,27.7,7.1,15.7,.454,1.6,4.8,.323,5.6,10.9,.512,.503,5.5,6.5,.838,0.7,3.8,4.4,7.9,1.1,0.4,3.8,1.6,21.2,,moranja01
324,Markieff Morris,35,DAL,PF,4,0,5.3,0.5,2.3,.222,0.3,0.8,.333,0.3,1.5,.167,.278,0.0,0.0,,0.0,1.3,1.3,0.5,0.0,0.3,0.5,0.0,1.3,,morrima02
325,Monte Morris,29,PHO,PG,26,0,13.3,1.8,4.5,.405,0.6,2.1,.296,1.2,2.4,.500,.474,1.0,1.2,.839,0.3,1.3,1.5,1.8,0.5,0.1,0.5,0.5,5.2,,morrimo01
326,Trey Murphy III,24,NOP,SF,19,17,33.9,6.9,15.4,.452,3.0,8.3,.361,3.9,7.1,.560,.550,3.3,3.7,.887,0.8,3.7,4.5,2.4,1.1,0.7,1.7,2.3,20.2,,murphtr02
327,Dejounte Murray,28,NOP,PG,15,15,33.6,5.9,16.3,.365,1.5,5.3,.275,4.5,10.9,.409,.410,2.9,3.5,.827,0.5,6.1,6.5,7.5,2.3,0.5,4.1,2.3,16.2,,murrade01
328,Jamal Murray,27,DEN,PG,24,24,36.7,7.1,16.2,.441,2.2,5.9,.366,5.0,10.3,.484,.508,3.4,4.0,.835,0.5,3.7,4.2,6.3,1.5,0.7,2.3,1.8,19.8,,murraja01
329,Keegan Murray,24,SAC,PF,31,31,35.5,4.6,11.0,.416,1.6,5.5,.291,3.0,5.5,.544,.490,1.1,1.3,.872,2.2,5.2,7.4,1.4,0.7,0.8,1.0,2.9,11.9,,murrake02
330,Kris Murray,24,POR,SF,25,0,12.2,1.6,3.5,.460,0.4,1.4,.314,1.2,2.1,.558,.523,0.3,0.8,.400,1.0,1.1,2.1,0.7,0.4,0.1,0.6,1.0,4.0,,murrakr01
331,Svi Mykhailiuk,27,UTA,SF,9,5,16.8,3.0,6.8,.443,2.1,5.2,.404,0.9,1.6,.571,.598,0.4,0.7,.667,0.1,1.4,1.6,1.4,0.9,0.2,1.6,1.0,8.6,,mykhasv01
332,Larry Nance Jr.,32,ATL,PF,15,2,19.4,3.7,6.3,.585,1.7,3.3,.520,1.9,2.9,.659,.723,0.5,0.5,.875,1.1,3.2,4.3,1.6,1.1,0.7,0.7,1.5,9.5,,nancela02
333,Andrew Nembhard,25,IND,SG,17,17,26.3,3.9,8.2,.479,0.8,2.4,.325,3.2,5.9,.540,.525,1.9,2.2,.892,0.4,2.4,2.8,4.7,0.8,0.1,1.8,1.7,10.6,,nembhan01
334,Aaron Nesmith,25,IND,SF,6,6,22.7,3.2,6.0,.528,1.0,1.8,.545,2.2,4.2,.520,.611,1.8,2.2,.846,0.7,3.3,4.0,1.0,0.7,0.3,0.8,4.0,9.2,,nesmiaa01
335,Tristen Newton,23,IND,SG,5,0,1.6,0.2,1.2,.167,0.0,0.6,.000,0.2,0.6,.333,.167,0.2,0.2,1.000,0.0,0.0,0.0,0.2,0.0,0.0,0.2,0.4,0.6,,newtotr01
336,Georges Niang,31,CLE,PF,31,1,20.7,3.3,7.0,.470,1.7,4.5,.371,1.6,2.5,.649,.590,0.4,0.5,.786,0.7,3.3,4.0,1.4,0.4,0.2,1.0,2.3,8.6,,niangge01
337,Daishen Nix,22,MIN,PG,3,0,4.3,0.0,0.3,.000,0.0,0.3,.000,0.0,0.0,,.000,0.3,0.7,.500,0.0,1.3,1.3,1.0,0.0,0.0,1.3,0.3,0.3,,nixda01
338,Zeke Nnaji,24,DEN,PF,18,0,4.7,0.6,1.3,.417,0.0,0.5,.000,0.6,0.8,.667,.417,0.1,0.3,.200,0.1,0.3,0.4,0.2,0.1,0.1,0.1,0.4,1.2,,nnajize01
339,Jaylen Nowell,25,NOP,SG,8,0,21.0,3.3,9.1,.356,1.0,3.4,.296,2.3,5.8,.391,.411,0.9,1.4,.636,0.8,1.8,2.5,2.3,0.1,0.5,1.0,1.1,8.4,,nowelja01
340,Jusuf Nurkić,30,PHO,C,23,23,24.3,3.0,6.7,.452,0.7,2.4,.304,2.3,4.3,.535,.506,2.0,2.8,.692,1.9,7.6,9.5,1.9,1.0,0.7,2.3,3.0,8.8,,nurkiju01
341,Royce O'Neale,31,PHO,SF,31,9,26.4,3.7,8.3,.447,2.5,5.7,.441,1.2,2.6,.463,.599,0.5,0.7,.762,1.0,4.6,5.6,2.4,1.0,0.6,1.0,2.3,10.5,,onealro01
342,Josh Okogie,26,PHO,SG,19,1,15.1,2.5,5.2,.480,0.7,1.8,.400,1.7,3.3,.524,.551,0.9,1.4,.667,1.5,1.7,3.2,0.5,1.0,0.4,0.8,1.0,6.6,,okogijo01
343,Onyeka Okongwu,24,ATL,C,25,0,23.8,4.4,8.1,.542,0.4,1.6,.244,4.0,6.5,.617,.567,2.1,2.7,.779,2.5,4.1,6.6,1.4,0.7,0.7,0.8,2.2,11.3,,okongon01
344,Isaac Okoro,24,CLE,SG,23,16,21.0,2.3,4.7,.495,1.3,2.7,.492,1.0,2.0,.500,.636,0.7,0.9,.714,0.9,1.3,2.3,1.7,0.7,0.4,0.4,2.0,6.6,,okorois01
345,Quincy Olivari,23,LAL,PG,1,0,8.0,1.0,3.0,.333,1.0,3.0,.333,0.0,0.0,,.500,0.0,0.0,,0.0,0.0,0.0,0.0,0.0,0.0,1.0,0.0,3.0,,olivaqu01
346,Kelly Olynyk,33,TOR,C,8,1,17.3,2.6,6.0,.438,1.1,2.4,.474,1.5,3.6,.414,.531,1.4,1.8,.786,0.9,3.9,4.8,2.6,1.1,0.3,1.9,2.9,7.8,,olynyke01
347,Kelly Oubre Jr.,29,PHI,SF,29,26,32.3,4.9,10.8,.450,1.3,4.3,.294,3.6,6.4,.556,.510,1.7,2.4,.710,1.6,4.1,5.7,1.5,1.2,0.5,1.2,2.8,12.7,,oubreke01
348,Chris Paul,39,SAS,PG,31,31,28.9,3.2,7.5,.427,1.8,4.9,.364,1.5,2.7,.542,.545,1.4,1.4,.977,0.5,3.6,4.1,8.2,1.4,0.2,1.9,1.8,9.6,,paulch01
349,Cameron Payne,30,NYK,PG,26,0,15.4,2.7,6.0,.439,1.5,3.7,.402,1.2,2.3,.500,.564,0.4,0.5,.833,0.3,1.3,1.6,2.7,0.6,0.3,0.5,1.8,7.2,,payneca01
350,Elfrid Payton,30,NOP,PG,7,3,20.6,3.3,6.6,.500,0.0,0.1,.000,3.3,6.4,.511,.500,0.1,0.3,.500,0.7,2.7,3.4,6.9,1.4,0.4,2.9,1.4,6.7,,paytoel01
351,Gary Payton II,32,GSW,SG,28,4,13.1,2.1,3.8,.547,0.2,1.1,.156,1.9,2.6,.716,.571,0.3,0.5,.600,1.2,1.6,2.8,1.2,0.7,0.4,0.5,1.4,4.6,,paytoga02
352,Drew Peterson,25,BOS,PF,8,0,11.1,0.8,2.0,.375,0.6,1.8,.357,0.1,0.3,.500,.531,0.8,0.9,.857,0.6,1.6,2.3,0.6,0.3,0.3,0.5,1.3,2.9,,peterdr01
353,Julian Phillips,21,CHI,SF,31,2,14.0,1.7,4.0,.419,0.8,2.4,.320,0.9,1.6,.571,.516,0.6,0.9,.643,0.9,1.2,2.1,0.5,0.6,0.3,0.4,1.5,4.7,,phillju01
354,Jalen Pickett,25,DEN,SG,7,0,9.4,1.0,2.3,.438,0.7,1.7,.417,0.3,0.6,.500,.594,0.0,0.0,,0.1,1.0,1.1,2.4,0.1,0.1,0.6,0.9,2.7,,pickeja02
355,Scotty Pippen Jr.,24,MEM,PG,32,11,22.5,4.2,8.8,.475,1.1,3.1,.364,3.0,5.7,.536,.539,1.4,2.1,.676,0.7,2.8,3.5,5.0,1.1,0.3,2.0,2.5,10.9,,pippesc02
356,Mason Plumlee,34,PHO,C,30,8,17.2,1.5,2.6,.557,0.0,0.0,.000,1.5,2.6,.564,.557,1.1,1.8,.600,1.6,4.5,6.1,1.8,0.3,0.7,0.9,2.0,4.0,,plumlma01
357,Brandin Podziemski,21,GSW,SG,30,8,24.2,3.1,7.7,.404,1.0,3.5,.295,2.1,4.2,.496,.472,0.7,1.0,.733,1.0,3.5,4.5,3.2,1.0,0.2,1.0,1.5,8.0,,podzibr01
358,Jakob Poeltl,29,TOR,C,26,25,32.1,6.6,11.2,.589,0.0,0.1,.000,6.6,11.2,.593,.589,2.3,3.4,.682,3.9,7.1,11.0,2.7,1.1,1.2,2.2,3.5,15.5,,poeltja01
359,Jordan Poole,25,WAS,SG,26,26,31.6,6.9,15.9,.432,3.5,8.7,.407,3.3,7.2,.463,.543,4.0,4.8,.840,0.3,2.3,2.7,5.0,1.6,0.5,3.5,3.4,21.3,,poolejo01
360,Craig Porter Jr.,24,CLE,PG,18,0,9.1,1.1,1.9,.559,0.3,0.6,.455,0.8,1.3,.609,.632,0.2,0.3,.600,0.1,0.8,0.9,1.3,0.3,0.3,0.5,0.4,2.6,,portecr01
361,Kevin Porter Jr.,24,LAC,SG,27,1,20.3,4.1,9.7,.421,0.7,2.7,.250,3.4,7.0,.487,.456,1.2,1.9,.647,0.7,3.0,3.7,3.0,1.0,0.3,2.3,1.7,10.0,,porteke02
362,Michael Porter Jr.,26,DEN,SF,30,30,34.4,7.1,13.7,.522,2.5,6.1,.410,4.6,7.6,.612,.613,1.9,2.7,.700,1.5,5.1,6.6,2.7,0.7,0.4,1.5,2.2,18.6,,portemi01
363,Bobby Portis,29,MIL,PF,29,5,25.2,5.8,12.3,.473,1.4,3.7,.374,4.4,8.6,.516,.529,1.0,1.3,.769,1.8,6.0,7.8,2.2,0.7,0.6,1.3,1.7,14.1,,portibo01
364,Kristaps Porziņģis,29,BOS,C,11,11,27.2,6.1,13.5,.453,2.0,6.1,.328,4.1,7.4,.556,.527,4.1,4.8,.849,1.4,5.0,6.4,1.6,0.7,1.5,0.7,2.2,18.3,,porzikr01
365,Quinten Post,24,GSW,PF,1,0,1.0,0.0,1.0,.000,0.0,1.0,.000,0.0,0.0,,.000,0.0,0.0,,0.0,0.0,0.0,1.0,0.0,0.0,0.0,0.0,0.0,,postqu01
366,Micah Potter,26,UTA,C,9,2,18.1,1.4,3.3,.433,1.1,2.8,.400,0.3,0.6,.600,.600,0.0,0.0,,1.6,3.6,5.1,1.3,0.2,0.4,0.7,1.0,4.0,,pottemi01
367,Dwight Powell,33,DAL,C,25,0,7.7,0.5,0.6,.800,0.0,0.0,1.000,0.4,0.6,.786,.833,0.7,1.0,.654,0.6,1.0,1.6,0.7,0.3,0.4,0.2,1.2,1.7,,poweldw01
368,Norman Powell,31,LAC,SG,24,24,33.4,8.4,17.0,.495,3.8,8.0,.466,4.7,9.0,.521,.605,3.6,4.3,.845,0.3,3.0,3.3,2.5,1.2,0.2,2.1,2.2,24.2,,powelno01
369,Taurean Prince,30,MIL,SF,30,26,26.0,2.7,5.9,.449,1.7,3.7,.464,1.0,2.3,.426,.593,0.4,0.6,.765,0.6,3.4,4.0,1.7,0.8,0.2,1.2,2.0,7.5,,princta02
370,Payton Pritchard,27,BOS,PG,31,0,28.8,5.3,11.3,.466,3.6,8.7,.413,1.6,2.5,.646,.626,1.3,1.5,.848,1.5,2.3,3.8,3.4,0.9,0.1,1.0,1.7,15.4,,pritcpa01
371,Olivier-Maxence Prosper,22,DAL,PF,21,0,7.2,0.8,2.0,.372,0.2,0.7,.286,0.6,1.4,.414,.419,0.5,0.9,.579,0.7,1.1,1.8,0.4,0.2,0.1,0.1,0.3,2.2,,prospol01
372,Trevelin Queen,27,ORL,SG,7,2,17.4,2.3,4.4,.516,1.1,2.3,.500,1.1,2.1,.533,.645,0.6,0.6,1.000,0.3,0.7,1.0,1.4,1.1,0.4,1.0,2.0,6.3,,queentr01
373,Neemias Queta,25,BOS,C,25,5,16.1,2.2,3.6,.629,0.0,0.1,.000,2.2,3.5,.644,.629,0.8,1.1,.741,1.6,3.0,4.6,0.7,0.3,0.9,0.7,2.0,5.3,,quetane01
374,Immanuel Quickley,25,TOR,PG,3,3,22.7,5.3,14.0,.381,2.0,5.3,.375,3.3,8.7,.385,.452,2.7,3.0,.889,0.3,1.7,2.0,4.0,0.7,0.0,1.3,2.3,15.3,,quickim01
375,Lester Quiñones,24,PHI,SG,4,0,4.3,1.0,2.0,.500,0.0,0.8,.000,1.0,1.3,.800,.500,0.3,0.3,1.000,0.8,0.3,1.0,0.3,0.0,0.0,1.0,0.0,2.3,,quinole01
376,Julius Randle,30,MIN,PF,30,30,33.1,6.9,14.3,.479,1.8,4.8,.382,5.0,9.5,.528,.543,4.8,5.9,.818,1.9,5.2,7.1,4.4,0.7,0.2,3.0,2.5,20.4,,randlju01
377,Duop Reath,28,POR,C,14,0,6.1,0.8,2.1,.379,0.6,1.6,.364,0.2,0.5,.429,.517,0.0,0.0,,0.4,0.5,0.9,0.3,0.0,0.1,0.1,0.7,2.1,,reathdu01
378,Austin Reaves,26,LAL,SG,26,26,34.4,6.0,13.6,.444,2.7,7.3,.363,3.4,6.3,.537,.541,3.0,3.7,.794,0.8,3.3,4.2,5.5,1.0,0.2,2.4,2.2,17.7,,reaveau01
379,Cam Reddish,25,LAL,SF,24,8,19.5,1.4,2.9,.471,0.5,1.5,.306,0.9,1.4,.647,.550,0.5,0.9,.619,0.5,1.5,2.0,0.8,1.2,0.4,0.5,1.6,3.8,,reddica01
380,Paul Reed,25,DET,C,18,0,11.8,2.1,3.6,.569,0.3,0.8,.333,1.8,2.8,.640,.608,0.9,1.2,.810,0.8,1.7,2.5,1.1,1.3,0.7,0.6,1.8,5.3,,reedpa01
381,Alex Reese,25,OKC,PF,1,0,2.0,1.0,1.0,1.000,0.0,0.0,,1.0,1.0,1.000,1.000,0.0,0.0,,1.0,0.0,1.0,0.0,0.0,0.0,0.0,0.0,2.0,,reeseal01
382,Antonio Reeves,24,NOP,SG,16,0,9.3,1.8,4.4,.400,0.6,2.1,.265,1.2,2.3,.528,.464,0.4,0.4,.857,0.4,0.8,1.1,0.6,0.3,0.0,0.3,0.4,4.4,,reevean01
383,Naz Reid,25,MIN,C,30,0,24.5,4.5,10.0,.455,1.7,5.0,.349,2.8,5.0,.560,.542,1.4,1.7,.843,0.7,4.2,4.9,1.7,0.7,0.8,1.3,2.4,12.2,,reidna01
384,Jared Rhoden,25,CHO,SG,4,0,3.0,0.5,2.0,.250,0.0,0.5,.000,0.5,1.5,.333,.250,0.0,0.0,,0.5,0.5,1.0,0.5,0.3,0.0,0.3,0.3,1.0,,rhodeja01
385,Nick Richards,27,CHO,C,16,9,22.4,3.3,5.8,.570,0.0,0.1,.000,3.3,5.8,.576,.570,3.1,4.6,.676,2.4,5.8,8.2,1.3,0.4,1.2,1.7,2.7,9.8,,richani01
386,Josh Richardson,31,MIA,SG,8,0,18.8,1.4,4.8,.289,0.8,2.8,.273,0.6,2.0,.313,.368,0.5,0.5,1.000,0.8,0.8,1.5,1.5,1.0,0.1,1.0,2.1,4.0,,richajo01
387,Zaccharie Risacher,19,ATL,SF,32,30,23.6,3.9,10.0,.394,1.2,4.3,.281,2.7,5.7,.481,.455,1.6,2.3,.689,1.1,2.2,3.3,1.2,0.8,0.6,1.2,2.1,10.7,,risacza01
388,Liam Robbins,25,MIL,C,7,0,4.7,0.3,0.6,.500,0.0,0.1,.000,0.3,0.4,.667,.500,0.1,0.6,.250,0.6,0.4,1.0,0.1,0.1,0.1,0.1,0.6,0.7,,robbili01
389,Duncan Robinson,30,MIA,SF,28,17,23.5,4.0,9.5,.416,2.5,6.7,.378,1.4,2.8,.506,.549,0.7,0.8,.864,0.4,2.0,2.4,2.5,0.5,0.1,0.9,2.2,11.1,,robindu01
390,Orlando Robinson,24,SAC,C,8,0,6.3,0.8,1.9,.400,0.1,0.6,.200,0.6,1.3,.500,.433,0.4,0.8,.500,0.4,1.1,1.5,1.1,0.3,0.1,0.4,0.8,2.0,,robinor01
391,Jeremiah Robinson-Earl,24,NOP,PF,29,4,19.4,2.6,5.8,.440,0.8,2.6,.307,1.8,3.2,.548,.509,0.9,1.0,.862,2.0,2.8,4.8,1.2,0.8,0.1,0.8,1.3,6.8,,robinje02
392,David Roddy,23,ATL,PF,16,1,13.4,1.8,3.2,.569,0.7,1.6,.423,1.1,1.6,.720,.676,0.7,0.8,.846,0.3,2.4,2.6,1.2,0.4,0.2,0.9,0.7,5.0,,roddyda01
393,Ryan Rollins,22,MIL,PG,16,4,11.8,1.8,3.8,.459,0.8,1.8,.464,0.9,2.1,.455,.566,0.4,0.6,.778,0.3,1.6,1.9,1.1,1.1,0.5,1.0,1.2,4.8,,rolliry01
394,Terry Rozier,30,MIA,PG,26,12,28.3,4.2,10.5,.403,1.8,5.2,.341,2.5,5.3,.464,.487,1.7,2.0,.882,0.7,3.3,4.0,2.8,0.7,0.4,1.5,1.4,12.0,,roziete01
395,Rayan Rupert,20,POR,SG,24,0,10.0,1.2,2.8,.433,0.4,1.3,.300,0.8,1.5,.541,.500,0.5,0.7,.750,0.7,0.8,1.5,0.5,0.3,0.1,0.5,0.8,3.3,,ruperra01
396,D'Angelo Russell,28,LAL,PG,29,10,26.3,4.4,10.7,.415,1.9,5.8,.333,2.5,4.9,.510,.505,1.6,1.8,.849,0.3,2.5,2.8,4.7,0.8,0.1,1.7,1.8,12.4,,russeda01
397,Matt Ryan,27,NYK,SF,9,0,5.0,0.7,2.3,.286,0.3,1.6,.214,0.3,0.8,.429,.357,0.0,0.0,,0.0,0.2,0.2,0.0,0.1,0.0,0.3,0.0,1.7,,ryanma01
398,Domantas Sabonis,28,SAC,C,29,29,35.6,8.2,13.7,.598,1.0,2.4,.429,7.1,11.2,.635,.636,3.5,4.4,.791,3.6,9.9,13.5,6.1,0.8,0.4,2.8,3.5,20.9,,sabondo01
399,Tidjane Salaün,19,CHO,PF,27,8,19.3,1.7,5.2,.321,1.0,3.3,.300,0.7,1.9,.360,.418,0.6,0.9,.708,1.1,3.1,4.2,1.1,0.6,0.2,0.9,1.4,5.0,,salauti01
400,Adama Sanogo,22,CHI,C,4,0,5.3,1.0,1.8,.571,0.0,0.0,,1.0,1.8,.571,.571,0.0,0.0,,1.3,0.3,1.5,0.3,0.0,0.0,0.3,0.3,2.0,,sanogad01
401,Gui Santos,22,GSW,PF,8,0,4.4,0.3,0.8,.333,0.1,0.5,.250,0.1,0.3,.500,.417,0.1,0.3,.500,0.3,0.8,1.0,0.4,0.0,0.1,0.4,0.8,0.8,,santogu01
402,Dario Šarić,30,DEN,C,10,3,13.6,1.2,4.0,.300,0.5,1.9,.263,0.7,2.1,.333,.363,0.5,0.6,.833,0.9,2.6,3.5,1.1,0.6,0.0,1.1,1.4,3.4,,saricda01
403,Alex Sarr,19,WAS,C,26,26,27.4,4.3,10.7,.399,1.4,4.6,.308,2.8,6.1,.468,.466,1.4,2.2,.638,2.0,4.3,6.2,2.2,0.7,1.8,1.5,2.7,11.4,,sarral01
404,Marcus Sasser,24,DET,PG,21,0,13.5,2.5,4.7,.531,0.9,2.2,.404,1.6,2.4,.647,.628,0.3,0.3,1.000,0.4,0.6,1.0,1.8,0.9,0.1,0.9,1.1,6.1,,sassema01
405,Baylor Scheierman,24,BOS,SG,5,0,6.8,0.2,2.0,.100,0.0,1.2,.000,0.2,0.8,.250,.100,0.4,0.4,1.000,0.4,1.0,1.4,0.4,0.2,0.0,0.0,0.6,0.8,,scheiba01
406,Dennis Schröder,31,2TM,PG,29,29,32.3,5.7,13.4,.425,2.2,6.2,.350,3.5,7.2,.490,.506,2.9,3.3,.874,0.2,2.5,2.7,6.1,1.0,0.2,2.5,2.5,16.4,,schrode01
407,Alperen Sengun,22,HOU,C,31,31,31.2,7.5,15.3,.488,0.4,1.5,.234,7.1,13.7,.516,.500,3.7,4.9,.757,3.5,7.1,10.6,5.1,1.2,1.0,2.3,2.7,19.0,,sengual01
408,Brice Sensabaugh,21,UTA,SF,24,0,16.8,2.8,6.3,.453,1.5,3.9,.398,1.3,2.4,.544,.577,0.9,1.0,.913,0.6,1.9,2.5,1.3,0.6,0.1,1.4,1.2,8.1,,sensabr01
409,Collin Sexton,26,UTA,SG,30,28,28.4,6.2,12.7,.484,1.9,4.4,.436,4.2,8.3,.510,.560,3.0,3.4,.891,0.9,1.8,2.6,3.8,0.8,0.1,2.6,2.3,17.3,,sextoco01
410,Landry Shamet,27,NYK,SG,3,0,6.0,1.3,2.0,.667,0.3,0.7,.500,1.0,1.3,.750,.750,0.0,0.0,,0.0,0.3,0.3,0.3,1.0,0.0,0.0,0.0,3.0,,shamela01
411,Terrence Shannon Jr.,24,MIN,SG,10,0,4.5,0.7,1.3,.538,0.1,0.3,.333,0.6,1.0,.600,.577,0.0,0.0,,0.0,0.2,0.2,0.5,0.2,0.1,0.3,0.1,1.5,,shannte01
412,Day'Ron Sharpe,23,BRK,C,10,0,15.0,2.3,5.7,.404,0.2,1.1,.182,2.1,4.6,.457,.421,1.5,1.7,.882,2.5,2.8,5.3,0.8,0.9,0.4,1.1,1.7,6.3,,sharpda01
413,Shaedon Sharpe,21,POR,SG,23,21,30.7,6.7,14.7,.459,1.9,6.2,.301,4.9,8.5,.574,.522,2.7,3.4,.808,0.7,2.9,3.6,2.6,0.8,0.3,1.6,1.7,18.1,,sharpsh01
414,Jamal Shead,22,TOR,PG,27,0,15.1,2.0,4.9,.412,0.7,2.0,.327,1.3,2.8,.474,.481,0.3,0.4,.750,0.2,1.0,1.2,3.2,0.6,0.1,1.4,1.9,5.0,,sheadja01
415,Ben Sheppard,23,IND,SG,18,6,19.9,2.1,4.8,.425,1.3,3.4,.387,0.7,1.4,.520,.563,0.0,0.0,,0.4,1.7,2.2,1.1,0.4,0.3,0.4,2.4,5.4,,sheppbe01
416,Reed Sheppard,20,HOU,PG,29,0,11.9,1.3,4.1,.322,0.7,2.3,.279,0.7,1.7,.380,.403,0.2,0.2,.833,0.3,1.0,1.3,1.2,0.5,0.3,0.6,1.0,3.4,,sheppre01
417,Pascal Siakam,30,IND,PF,32,32,33.9,7.6,14.6,.521,2.0,4.5,.438,5.6,10.1,.559,.589,2.8,3.6,.774,1.7,5.5,7.2,3.3,0.9,0.3,1.4,2.9,19.9,,siakapa01
418,Ben Simmons,28,BRK,PG,24,18,24.9,2.7,4.8,.565,0.0,0.0,,2.7,4.8,.565,.565,0.6,0.9,.714,0.9,4.4,5.3,6.9,0.9,0.5,2.9,2.3,6.0,,simmobe01
419,Anfernee Simons,25,POR,SG,28,28,31.3,6.1,14.9,.409,2.5,7.6,.327,3.6,7.3,.495,.493,2.5,2.8,.909,0.3,2.3,2.6,4.9,1.0,0.1,2.4,1.9,17.2,,simonan01
420,KJ Simpson,22,CHO,PG,9,0,13.3,1.3,4.4,.300,0.3,2.2,.150,1.0,2.2,.450,.338,0.9,1.1,.800,1.0,0.7,1.7,2.0,0.6,0.2,1.0,1.4,3.9,,simpskj01
421,Jericho Sims,26,NYK,C,28,2,12.0,0.8,1.2,.647,0.0,0.0,,0.8,1.2,.647,.647,0.2,0.3,.667,1.4,2.3,3.6,0.6,0.3,0.3,0.5,1.4,1.8,,simsje01
422,Marcus Smart,30,MEM,PG,18,6,21.2,2.9,7.9,.373,1.6,4.8,.333,1.3,3.1,.436,.475,1.7,2.0,.833,0.8,1.6,2.3,3.8,1.3,0.3,1.9,1.7,9.2,,smartma01
423,Dru Smith,27,MIA,SG,14,1,19.1,2.2,4.4,.508,1.1,2.1,.533,1.1,2.2,.484,.639,0.7,0.9,.769,0.9,1.7,2.6,1.6,1.5,0.4,1.2,2.1,6.3,,smithdr01
424,Jabari Smith Jr.,21,HOU,PF,31,31,31.4,4.2,9.6,.434,1.7,4.9,.351,2.5,4.7,.521,.524,2.0,2.3,.875,1.8,5.0,6.8,1.1,0.3,1.0,0.9,2.3,12.1,,smithja05
425,Jalen Smith,24,CHI,C,28,1,15.4,2.8,5.9,.470,1.1,3.1,.352,1.7,2.8,.603,.563,1.2,1.5,.791,1.4,4.1,5.5,0.8,0.3,0.7,0.6,1.6,7.9,,smithja04
426,Nick Smith Jr.,20,CHO,SG,14,0,8.9,1.2,3.5,.347,0.6,1.9,.333,0.6,1.6,.364,.439,0.1,0.1,.500,0.1,0.7,0.8,0.7,0.3,0.1,0.2,0.6,3.1,,smithni01
427,Tyler Smith,20,MIL,PF,11,0,3.5,0.8,1.3,.643,0.3,0.7,.375,0.5,0.5,1.000,.750,0.1,0.2,.500,0.1,0.8,0.9,0.1,0.0,0.3,0.3,0.4,2.0,,smithty02
428,Jeremy Sochan,21,SAS,PF,18,15,29.6,5.8,10.8,.538,0.4,1.7,.258,5.4,9.1,.591,.559,2.8,3.9,.729,2.8,5.8,8.7,2.9,0.9,0.7,1.9,2.4,14.9,,sochaje01
429,Cam Spencer,24,MEM,SG,6,0,9.8,1.2,2.3,.500,0.5,1.0,.500,0.7,1.3,.500,.607,0.7,0.7,1.000,0.2,1.0,1.2,1.2,0.2,0.2,0.5,1.0,3.5,,spencca01
430,Pat Spencer,28,GSW,PG,9,0,5.0,0.7,1.8,.375,0.0,0.3,.000,0.7,1.4,.462,.375,0.2,0.2,1.000,0.4,0.3,0.8,1.3,0.6,0.0,0.4,0.4,1.6,,spencpa01
431,Jaden Springer,22,BOS,SG,11,0,4.6,0.3,1.0,.273,0.0,0.3,.000,0.3,0.7,.375,.273,0.9,1.2,.769,0.4,0.8,1.2,0.3,0.3,0.0,0.1,0.5,1.5,,sprinja01
432,Isaiah Stewart,23,DET,C,28,3,21.3,2.3,4.3,.546,0.2,0.8,.261,2.1,3.4,.615,.571,1.0,1.2,.879,2.1,3.8,5.9,1.8,0.5,1.2,1.0,2.8,5.9,,stewais01
433,Julian Strawther,22,DEN,SG,30,0,20.6,3.2,6.9,.462,1.3,3.5,.377,1.9,3.4,.549,.558,1.4,1.6,.837,0.3,1.8,2.1,1.3,0.7,0.4,0.8,2.4,9.1,,strawju01
434,Max Strus,28,CLE,SF,3,0,21.7,2.0,5.7,.353,1.3,4.7,.286,0.7,1.0,.667,.471,0.0,0.0,,1.0,2.7,3.7,1.7,0.3,0.0,0.3,3.0,5.3,,strusma01
435,Jalen Suggs,23,ORL,PG,31,31,29.9,5.8,14.2,.412,2.2,7.2,.311,3.6,7.0,.516,.491,2.9,3.2,.918,0.7,3.5,4.2,3.9,1.5,1.0,3.1,2.8,16.8,,suggsja01
436,Cole Swider,25,DET,SF,2,0,6.5,0.0,2.5,.000,0.0,2.5,.000,0.0,0.0,,.000,0.0,0.0,,0.0,1.0,1.0,0.5,0.0,0.0,0.0,0.5,0.0,,swideco01
437,Jae'Sean Tate,29,HOU,SF,15,0,8.3,1.3,2.5,.541,0.1,0.5,.143,1.3,2.0,.633,.554,0.8,1.1,.706,0.5,1.7,2.2,0.7,0.6,0.0,0.5,1.5,3.5,,tateja01
438,Jayson Tatum,26,BOS,PF,28,28,36.4,9.5,20.4,.466,3.9,10.5,.373,5.6,9.9,.565,.562,5.8,7.2,.806,0.6,9.0,9.6,5.6,1.2,0.5,2.8,2.5,28.7,,tatumja01
439,Garrett Temple,38,TOR,SG,10,0,4.0,0.2,1.0,.200,0.1,0.5,.200,0.1,0.5,.200,.250,0.0,0.0,,0.1,0.5,0.6,0.6,0.4,0.1,0.3,0.6,0.5,,templga01
440,Dalen Terry,22,CHI,SG,29,1,13.4,1.5,3.1,.483,0.4,1.1,.344,1.1,2.0,.561,.545,0.8,1.0,.733,0.7,0.8,1.4,1.0,0.6,0.3,0.9,1.6,4.1,,terryda01
441,Daniel Theis,32,NOP,C,22,7,14.7,1.4,3.2,.429,0.2,1.0,.227,1.1,2.2,.521,.464,0.8,0.9,.900,0.9,2.9,3.8,1.5,0.4,0.6,0.6,1.9,3.8,,theisda01
442,Cam Thomas,23,BRK,SG,17,17,33.4,8.1,17.5,.461,2.9,7.4,.389,5.2,10.1,.515,.544,5.7,6.6,.866,0.4,2.9,3.2,3.4,0.7,0.1,2.8,2.0,24.7,,thomaca02
443,Amen Thompson,22,HOU,SF,31,5,27.7,4.7,8.5,.557,0.4,1.3,.268,4.4,7.1,.611,.578,2.4,3.4,.698,2.5,4.7,7.2,2.1,1.1,1.1,1.9,2.3,12.2,,thompam01
444,Ausar Thompson,22,DET,SF,12,3,17.4,3.3,6.7,.488,0.3,1.3,.250,2.9,5.3,.547,.513,0.8,1.5,.500,1.4,2.8,4.2,1.8,0.9,0.3,1.3,2.8,7.6,,thompau01
445,Klay Thompson,34,DAL,SF,28,28,27.6,5.1,12.2,.416,3.0,7.9,.380,2.1,4.3,.483,.540,0.9,1.0,.897,0.6,2.8,3.4,1.9,1.0,0.4,1.2,1.4,14.1,,thompkl01
446,Tristan Thompson,33,CLE,PF,12,0,7.5,1.1,2.3,.481,0.0,0.1,.000,1.1,2.2,.500,.481,0.3,1.2,.286,0.7,2.0,2.7,0.3,0.0,0.3,0.4,0.8,2.5,,thomptr01
447,JT Thor,22,CLE,PF,4,0,5.3,1.8,2.0,.875,0.8,0.8,1.000,1.0,1.3,.800,1.063,1.5,1.5,1.000,0.3,0.5,0.8,0.0,0.5,0.8,0.5,1.0,5.8,,thorjt01
448,Xavier Tillman Sr.,26,BOS,C,19,1,8.2,0.5,1.8,.265,0.2,0.9,.222,0.3,0.8,.313,.324,0.1,0.1,.500,0.4,1.4,1.8,0.3,0.3,0.2,0.3,0.7,1.2,,tillmxa01
449,Jacob Toppin,24,NYK,SF,8,0,2.8,0.1,0.4,.333,0.0,0.3,.000,0.1,0.1,1.000,.333,0.0,0.0,,0.0,0.4,0.4,0.3,0.0,0.0,0.1,0.1,0.3,,toppija01
450,Obi Toppin,26,IND,PF,30,0,19.9,4.1,7.4,.554,1.3,3.5,.358,2.8,3.9,.733,.640,1.0,1.2,.861,0.7,3.4,4.1,1.7,0.8,0.4,0.6,1.6,10.5,,toppiob01
451,Karl-Anthony Towns,29,NYK,C,30,30,34.2,8.7,16.0,.545,2.2,5.0,.447,6.5,11.0,.589,.614,4.8,5.8,.832,2.8,10.7,13.5,3.4,0.8,0.9,2.6,3.6,24.5,,townska01
452,Armel Traoré,22,LAL,SF,8,0,7.6,0.6,2.3,.278,0.0,0.9,.000,0.6,1.4,.455,.278,0.3,0.9,.286,0.1,1.6,1.8,0.1,0.5,0.3,0.3,0.8,1.5,,armeltr01
453,Luke Travers,23,CLE,SG,6,0,7.0,0.5,1.2,.429,0.0,0.5,.000,0.5,0.7,.750,.429,0.3,0.3,1.000,0.2,0.8,1.0,0.8,0.2,0.2,0.3,0.5,1.3,,travelu01
454,Gary Trent Jr.,26,MIL,SG,28,7,24.9,3.3,7.9,.418,2.0,5.0,.397,1.3,2.8,.456,.545,0.8,0.9,.885,0.2,2.0,2.2,0.9,1.0,0.0,0.7,2.1,9.4,,trentga02
455,Oscar Tshiebwe,25,UTA,PF,1,0,16.0,0.0,0.0,,0.0,0.0,,0.0,0.0,,,3.0,4.0,.750,3.0,6.0,9.0,0.0,2.0,0.0,1.0,3.0,3.0,,tshieos01
456,Myles Turner,28,IND,C,30,30,31.2,5.4,11.2,.481,2.0,5.1,.395,3.4,6.2,.551,.570,2.2,3.0,.722,1.3,5.8,7.1,1.5,0.8,2.1,2.4,3.0,15.0,,turnemy01
457,Hunter Tyson,24,DEN,PF,20,0,9.6,1.0,2.1,.452,0.4,1.2,.348,0.6,1.0,.579,.548,0.7,0.8,.867,0.5,1.5,2.0,0.6,0.2,0.2,0.5,1.1,3.0,,tysonhu01
458,Jaylon Tyson,22,CLE,SG,18,1,7.8,0.9,2.0,.472,0.2,0.7,.308,0.7,1.3,.565,.528,0.2,0.4,.500,0.7,0.9,1.6,0.7,0.3,0.0,0.5,1.3,2.3,,tysonja01
459,Stanley Umude,25,MIL,SG,8,0,3.3,0.1,0.6,.200,0.1,0.5,.250,0.0,0.1,.000,.300,0.0,0.3,.000,0.0,0.8,0.8,0.3,0.1,0.1,0.0,0.1,0.4,,umudest01
460,Jonas Valančiūnas,32,WAS,C,29,7,19.9,4.7,8.6,.548,0.1,0.6,.118,4.6,8.0,.580,.552,2.1,2.2,.923,2.2,5.8,8.0,2.3,0.5,0.8,1.7,1.6,11.5,,valanjo01
461,Fred VanVleet,30,HOU,PG,29,29,35.0,5.4,14.1,.380,2.6,7.9,.322,2.8,6.2,.456,.471,2.0,2.6,.797,0.8,3.7,4.5,6.0,1.4,0.5,1.4,2.3,15.3,,vanvlfr01
462,Devin Vassell,24,SAS,SG,16,5,27.1,5.7,12.6,.450,2.2,5.6,.389,3.5,7.0,.500,.537,1.8,2.2,.829,0.7,2.1,2.8,2.8,1.1,0.4,1.6,1.9,15.4,,vassede01
463,Gabe Vincent,28,LAL,PG,31,5,18.9,1.6,4.3,.373,0.9,2.8,.330,0.7,1.5,.457,.481,0.1,0.3,.500,0.3,1.0,1.3,0.9,0.8,0.2,0.6,1.9,4.3,,vincega01
464,Nikola Vučević,34,CHI,C,31,31,32.1,8.4,14.6,.573,2.1,4.6,.455,6.3,10.0,.627,.644,1.9,2.2,.853,2.2,7.7,9.9,3.3,0.8,0.7,1.6,2.3,20.7,,vucevni01
465,Tristan Vukcevic,21,WAS,C,1,0,3.0,0.0,2.0,.000,0.0,2.0,.000,0.0,0.0,,.000,0.0,0.0,,0.0,0.0,0.0,0.0,0.0,1.0,0.0,0.0,0.0,,vukcetr01
466,Dean Wade,28,CLE,PF,22,13,22.2,2.0,5.0,.394,1.5,4.3,.362,0.4,0.7,.600,.550,0.5,1.0,.478,0.8,3.9,4.7,1.5,1.0,0.5,0.3,1.5,6.0,,wadede01
467,Franz Wagner,23,ORL,SF,25,25,33.2,8.8,18.9,.465,2.0,6.4,.321,6.8,12.6,.538,.519,4.8,5.4,.881,0.9,4.7,5.6,5.7,1.7,0.5,2.4,2.3,24.4,,wagnefr01
468,Moritz Wagner,27,ORL,C,30,1,18.8,4.7,8.3,.562,0.9,2.5,.360,3.8,5.8,.649,.616,2.6,3.7,.718,1.3,3.6,4.9,1.4,0.8,0.4,1.6,1.8,12.9,,wagnemo01
469,Jabari Walker,22,POR,SF,23,1,10.6,1.4,3.2,.438,0.2,0.9,.190,1.2,2.3,.538,.466,0.5,0.7,.800,0.9,2.2,3.1,0.6,0.3,0.1,0.6,1.2,3.5,,walkeja01
470,Jarace Walker,21,IND,PF,32,1,17.7,2.2,4.9,.442,1.0,2.6,.369,1.2,2.3,.528,.542,0.7,1.2,.622,0.4,3.0,3.4,1.5,1.0,0.3,1.3,1.7,6.0,,walkeja02
471,Cason Wallace,21,OKC,SG,29,17,26.5,2.7,6.4,.425,0.9,3.1,.300,1.8,3.3,.542,.497,0.2,0.2,.857,1.2,2.3,3.5,2.2,1.7,0.8,0.6,2.1,6.6,,wallaca01
472,Keaton Wallace,25,ATL,PG,15,1,15.5,1.7,4.2,.413,0.7,2.1,.323,1.1,2.1,.500,.492,0.3,0.3,1.000,0.1,1.3,1.4,1.9,0.7,0.4,1.1,1.0,4.4,,wallake01
473,Jordan Walsh,20,BOS,PF,22,1,8.3,0.5,1.6,.333,0.3,1.3,.250,0.2,0.4,.625,.431,0.2,0.3,.667,0.5,0.8,1.2,0.3,0.2,0.3,0.2,0.6,1.6,,walshjo01
474,Ja'Kobe Walter,20,TOR,SG,16,6,20.5,3.3,8.2,.397,1.1,3.8,.279,2.2,4.4,.500,.462,1.3,1.8,.724,1.0,2.0,3.0,1.6,0.6,0.3,0.9,2.4,8.9,,walteja01
475,Kel'el Ware,20,MIA,C,14,0,8.8,1.5,3.0,.500,0.2,0.8,.273,1.3,2.2,.581,.536,0.1,0.1,1.000,0.4,1.8,2.2,0.1,0.4,0.6,0.4,0.8,3.4,,wareke01
476,P.J. Washington,26,DAL,PF,25,24,32.4,4.4,9.9,.449,1.6,4.0,.394,2.9,5.9,.486,.528,1.7,2.3,.741,1.5,6.2,7.7,2.2,1.2,1.1,1.8,2.0,12.2,,washipj01
477,TyTy Washington Jr.,23,PHO,PG,3,0,9.0,1.0,2.0,.500,0.7,1.0,.667,0.3,1.0,.333,.667,0.0,0.0,,0.0,0.3,0.3,1.3,0.7,0.0,0.3,0.0,2.7,,washity02
478,Lindy Waters III,27,GSW,SG,24,8,17.7,2.0,5.5,.364,1.3,4.0,.337,0.7,1.5,.432,.485,0.2,0.2,.800,0.5,2.1,2.6,1.3,0.7,0.2,0.4,1.6,5.5,,waterli01
479,Trendon Watford,24,BRK,PF,13,0,16.1,2.7,6.1,.443,0.6,2.0,.308,2.1,4.1,.509,.494,2.3,2.7,.857,0.3,2.5,2.8,1.2,0.4,0.3,1.2,2.3,8.3,,watfotr01
480,Peyton Watson,22,DEN,SF,30,12,24.0,3.1,6.4,.487,0.7,2.1,.355,2.4,4.4,.550,.544,1.7,2.1,.781,1.0,2.3,3.3,1.4,0.8,0.9,0.8,2.0,8.7,,watsope01
481,Jaylen Wells,21,MEM,SG,32,27,24.8,4.2,9.0,.460,1.8,4.7,.391,2.3,4.3,.536,.562,1.3,1.7,.811,0.9,2.2,3.2,1.7,0.5,0.2,1.2,1.8,11.5,,wellsja01
482,Victor Wembanyama,21,SAS,C,26,26,33.0,9.0,18.7,.480,3.4,9.4,.361,5.6,9.3,.601,.571,3.8,4.3,.884,1.8,8.3,10.1,3.9,1.0,4.0,3.6,2.1,25.2,,wembavi01
483,Blake Wesley,21,SAS,SG,22,0,11.4,1.5,3.4,.453,0.2,0.9,.200,1.4,2.5,.545,.480,0.7,1.0,.714,0.3,0.6,0.9,1.9,0.4,0.1,1.0,0.6,4.0,,weslebl01
484,Russell Westbrook,36,DEN,PG,30,9,26.2,4.4,10.1,.434,1.1,3.6,.312,3.3,6.5,.503,.490,2.0,3.3,.616,1.0,3.3,4.4,6.4,1.7,0.6,2.8,2.5,12.0,,westbru01
485,Coby White,24,CHI,SG,30,30,32.6,6.0,14.1,.426,3.1,8.4,.364,2.9,5.7,.518,.534,2.7,3.1,.882,0.4,3.0,3.4,4.5,1.1,0.2,2.4,2.5,17.8,,whiteco01
486,Derrick White,30,BOS,SG,30,30,34.2,5.7,12.9,.446,3.5,9.1,.390,2.2,3.8,.579,.583,1.9,2.2,.848,1.0,3.7,4.7,4.7,1.0,1.1,1.7,2.1,16.9,,whitede01
487,Cam Whitmore,20,HOU,SF,13,0,12.5,3.2,7.5,.433,0.7,3.2,.214,2.5,4.2,.600,.479,1.3,1.8,.708,0.8,1.6,2.4,0.5,0.4,0.2,0.6,0.8,8.5,,whitmca01
488,Aaron Wiggins,26,OKC,SG,30,9,19.8,3.4,7.5,.449,1.4,3.6,.385,2.0,3.9,.509,.542,0.6,0.7,.810,0.9,2.3,3.2,1.4,0.9,0.3,0.9,1.3,8.7,,wiggiaa01
489,Andrew Wiggins,29,GSW,SF,27,27,29.1,5.8,13.0,.443,2.2,5.4,.414,3.6,7.7,.464,.528,2.9,3.6,.786,1.6,2.8,4.4,2.3,0.9,0.8,1.1,1.7,16.6,,wiggian01
490,Alondes Williams,25,DET,SG,1,0,4.0,2.0,2.0,1.000,1.0,1.0,1.000,1.0,1.0,1.000,1.250,0.0,0.0,,0.0,0.0,0.0,1.0,0.0,0.0,0.0,0.0,5.0,,willial06
491,Brandon Williams,25,DAL,PG,5,0,4.2,0.4,1.8,.222,0.0,0.4,.000,0.4,1.4,.286,.222,0.4,0.6,.667,0.2,0.6,0.8,0.4,0.0,0.0,0.4,0.4,1.2,,willibr03
492,Cody Williams,20,UTA,SG,18,8,19.3,1.2,4.1,.297,0.4,2.2,.205,0.8,1.9,.400,.351,0.4,0.7,.667,0.6,1.8,2.4,1.2,0.4,0.3,0.8,1.6,3.3,,willico04
493,Grant Williams,26,CHO,PF,16,7,29.9,3.4,7.7,.439,1.7,4.6,.365,1.7,3.1,.551,.549,1.9,2.3,.838,1.1,4.0,5.1,2.3,1.1,0.8,1.8,2.9,10.4,,willigr01
494,Jalen Williams,23,OKC,SG,30,30,32.4,8.4,17.5,.480,1.9,5.2,.369,6.5,12.3,.527,.535,2.7,3.4,.812,0.9,4.9,5.8,5.0,1.7,0.7,2.3,2.6,21.5,,willija06
495,Jaylin Williams,22,OKC,PF,3,0,13.3,1.7,4.3,.385,1.7,4.0,.417,0.0,0.3,.000,.577,0.0,0.0,,1.0,1.3,2.3,3.0,0.3,0.3,0.3,1.7,5.0,,willija07
496,Jeenathan Williams,25,HOU,SG,3,0,3.3,1.0,1.3,.750,0.3,0.7,.500,0.7,0.7,1.000,.875,0.0,0.0,,0.0,1.0,1.0,0.0,0.3,0.0,0.0,0.0,2.3,,willije02
497,Kenrich Williams,30,OKC,PF,20,0,13.5,2.5,4.4,.563,0.9,2.2,.395,1.6,2.2,.727,.661,0.5,0.5,1.000,0.9,2.4,3.3,1.0,0.7,0.2,0.3,1.6,6.2,,willike04
498,Mark Williams,23,CHO,C,9,6,16.8,4.6,7.4,.612,0.0,0.0,,4.6,7.4,.612,.612,2.0,2.7,.750,2.2,4.4,6.7,2.1,0.4,0.8,0.6,2.1,11.1,,willima07
499,Patrick Williams,23,CHI,PF,22,21,26.9,3.5,8.9,.393,1.8,4.7,.375,1.7,4.2,.413,.492,1.2,1.4,.871,0.9,3.5,4.4,2.2,1.0,0.6,1.5,1.3,10.0,,willipa01
500,Robert Williams,27,POR,C,10,1,17.1,3.1,4.2,.738,0.1,0.2,.500,3.0,4.0,.750,.750,1.2,1.3,.923,1.8,3.5,5.3,1.2,0.8,1.4,0.8,0.9,7.5,,williro04
501,Vince Williams Jr.,24,MEM,SG,3,0,15.0,2.3,6.3,.368,0.3,2.7,.125,2.0,3.7,.545,.395,0.3,1.3,.250,1.3,2.3,3.7,3.0,0.0,0.7,2.3,3.0,5.3,,willivi01
502,Ziaire Williams,23,BRK,SF,21,7,21.9,3.0,7.6,.403,0.9,3.1,.273,2.2,4.4,.495,.459,1.7,2.1,.795,1.0,3.3,4.4,1.1,1.0,0.3,0.9,2.7,8.6,,willizi02
503,Zion Williamson,24,NOP,PF,6,6,31.0,7.8,17.3,.452,0.3,1.0,.333,7.5,16.3,.459,.462,6.7,10.0,.667,2.7,5.3,8.0,5.3,0.7,1.2,3.7,3.0,22.7,,willizi01
504,Jalen Wilson,24,BRK,PF,30,7,26.1,3.0,7.7,.388,1.4,4.3,.320,1.6,3.5,.471,.476,1.5,1.8,.836,1.0,2.5,3.4,1.9,0.5,0.0,1.0,2.2,8.9,,wilsoja03
505,James Wiseman,23,IND,C,1,0,5.0,2.0,4.0,.500,0.0,1.0,.000,2.0,3.0,.667,.500,2.0,2.0,1.000,0.0,1.0,1.0,0.0,0.0,0.0,0.0,0.0,6.0,,wisemja01
506,Isaiah Wong,24,CHO,SG,9,0,14.0,2.1,5.4,.388,0.4,1.7,.267,1.7,3.8,.441,.429,1.9,2.7,.708,1.1,1.0,2.1,1.9,0.6,0.0,1.0,1.2,6.6,,wongis01
507,Delon Wright,32,MIL,PG,22,2,16.6,1.0,3.2,.300,0.5,1.9,.262,0.5,1.3,.357,.379,0.4,0.6,.571,0.7,1.2,1.9,1.9,0.9,0.3,0.6,0.7,2.8,,wrighde01
508,Guerschon Yabusele,29,PHI,PF,29,10,23.5,3.5,7.0,.495,1.4,3.7,.389,2.0,3.3,.615,.598,1.2,1.8,.654,1.7,3.5,5.2,1.8,0.8,0.4,1.3,2.6,9.6,,yabusgu01
509,Trae Young,26,ATL,PG,30,30,36.1,6.6,16.7,.393,2.7,8.3,.325,3.9,8.4,.460,.474,5.8,6.6,.874,0.6,3.1,3.7,12.2,1.3,0.1,4.5,2.1,21.6,,youngtr01
510,Ivica Zubac,27,LAC,C,31,31,32.6,6.9,11.2,.614,0.0,0.0,,6.9,11.2,.614,.614,1.5,2.8,.523,3.9,8.6,12.5,2.5,0.7,1.1,1.9,2.1,15.2,,zubaciv01
,League Average,,,,,,,,,.464,,,.360,,,.541,.541,,,.779,,,,,,,,,,,-9999